id,enrollment_id,attendance_percentage
1,1,54.33
2,2,58.95
3,3,70.37
4,4,7.99
5,5,87.68
6,6,33.15
7,7,0.22
8,8,4.65
9,9,22.43
10,10,22.19
11,11,9.82
12,12,94.52
13,13,67.18
14,14,5.66
15,15,55.16
16,16,38.74
17,17,2.2
18,18,89.08
19,19,2.28
20,20,1.06
21,21,46.59
22,22,31.31
23,23,65.69
24,24,27.46
25,25,52.58
26,26,40.35
27,27,69.47
28,28,79.35
29,29,55.72
30,30,62.63
31,31,18.38
32,32,58.66
33,33,37.9
34,34,43.15
35,35,41.95
36,36,13.33
37,37,29.66
38,38,22.31
39,39,60.08
40,40,74.03
41,41,63.5
42,42,63.73
43,43,0.65
44,44,59.65
45,45,12.43
46,46,2.08
47,47,40.88
48,48,75.1
49,49,75.08
50,50,23.37
51,51,35.89
52,52,20.26
53,53,37.59
54,54,40.16
55,55,58.05
56,56,75.01
57,57,54.86
58,58,58.71
59,59,99.9
60,60,54.76
61,61,25.84
62,62,27.62
63,63,21.45
64,64,1.15
65,65,13.25
66,66,25.54
67,67,63.7
68,68,78.06
69,69,3.52
70,70,40.89
71,71,51.23
72,72,44.3
73,73,50.88
74,74,32.93
75,75,89.48
76,76,69.59
77,77,68.29
78,78,36.48
79,79,75.04
80,80,88.77
81,81,65.14
82,82,57.07
83,83,6.52
84,84,71.59
85,85,65.14
86,86,35.41
87,87,32.88
88,88,95.43
89,89,28.71
90,90,62.08
91,91,32.12
92,92,32.34
93,93,97.9
94,94,39.28
95,95,38.26
96,96,49.24
97,97,52.57
98,98,46.38
99,99,39.72
100,100,13.19
101,101,72.96
102,102,24.97
103,103,30.6
104,104,94.06
105,105,16.26
106,106,73.36
107,107,4.8
108,108,83.84
109,109,73.67
110,110,60.1
111,111,92.3
112,112,38.72
113,113,29.48
114,114,71.82
115,115,54.68
116,116,34.57
117,117,33.25
118,118,61.64
119,119,65.83
120,120,53.36
121,121,21.73
122,122,29.94
123,123,86.72
124,124,37.14
125,125,93.05
126,126,61.01
127,127,60.09
128,128,31.97
129,129,18.72
130,130,26.11
131,131,48.96
132,132,78.43
133,133,95.59
134,134,72.85
135,135,15.95
136,136,80.82
137,137,40.81
138,138,34.17
139,139,77.71
140,140,24.33
141,141,22.79
142,142,93.39
143,143,53.95
144,144,25.63
145,145,20.74
146,146,81.37
147,147,84.96
148,148,78.72
149,149,76.47
150,150,73.98
151,151,54.35
152,152,22.33
153,153,40.34
154,154,8.93
155,155,47.52
156,156,27.59
157,157,29.97
158,158,25.76
159,159,56.74
160,160,80.79
161,161,49.43
162,162,13.38
163,163,64.27
164,164,25.73
165,165,81.13
166,166,84.27
167,167,28.77
168,168,52.02
169,169,94.68
170,170,88.73
171,171,28.27
172,172,28.98
173,173,37.42
174,174,97.99
175,175,19.94
176,176,79.79
177,177,2.54
178,178,62.91
179,179,23.92
180,180,28.17
181,181,17.7
182,182,62.24
183,183,88.36
184,184,21.22
185,185,46.97
186,186,21.13
187,187,34.54
188,188,37.89
189,189,88.26
190,190,66.88
191,191,24.52
192,192,6.85
193,193,81.29
194,194,96.74
195,195,30.34
196,196,26.65
197,197,16.08
198,198,37.14
199,199,64.99
200,200,57.83
201,201,83.82
202,202,76.25
203,203,35.8
204,204,83.88
205,205,2.83
206,206,67.55
207,207,65.9
208,208,69.59
209,209,28.71
210,210,90.58
211,211,49.07
212,212,43.76
213,213,65.69
214,214,40.05
215,215,97.2
216,216,55.28
217,217,54.2
218,218,7.54
219,219,38.23
220,220,12.35
221,221,42.28
222,222,9.63
223,223,3.74
224,224,73.3
225,225,96.37
226,226,49.41
227,227,11.34
228,228,9.63
229,229,13.21
230,230,46.86
231,231,81.1
232,232,30.52
233,233,35.6
234,234,26.76
235,235,22.61
236,236,12.44
237,237,1.65
238,238,58.39
239,239,64.02
240,240,13.46
241,241,75.31
242,242,48.87
243,243,88.99
244,244,83.6
245,245,57.96
246,246,48.67
247,247,85.57
248,248,62.12
249,249,63.2
250,250,4.27
251,251,36.64
252,252,35.29
253,253,7.04
254,254,81.95
255,255,43.06
256,256,70.98
257,257,13.37
258,258,26.63
259,259,24.49
260,260,1.07
261,261,2.14
262,262,43.54
263,263,53.74
264,264,10.28
265,265,94.18
266,266,47.01
267,267,27.08
268,268,56.74
269,269,8.28
270,270,41.47
271,271,83.59
272,272,39.9
273,273,22.14
274,274,59.12
275,275,24.77
276,276,77.68
277,277,63.86
278,278,90.68
279,279,31.14
280,280,38.54
281,281,75.82
282,282,78.26
283,283,52.83
284,284,21.09
285,285,34.44
286,286,98.34
287,287,85.38
288,288,43.7
289,289,92.89
290,290,42.1
291,291,11.16
292,292,59.99
293,293,31.61
294,294,20.99
295,295,75.52
296,296,60.22
297,297,88.24
298,298,85.78
299,299,46.78
300,300,46.78
301,301,71.08
302,302,41.79
303,303,32.88
304,304,35.25
305,305,8.42
306,306,16.8
307,307,46.23
308,308,91.42
309,309,66.15
310,310,62.15
311,311,45.1
312,312,99.94
313,313,40.74
314,314,84.57
315,315,51.65
316,316,81.46
317,317,44.28
318,318,24.49
319,319,79.22
320,320,19.36
321,321,12.24
322,322,58.15
323,323,86.39
324,324,18.66
325,325,23.6
326,326,46.61
327,327,35.95
328,328,71.6
329,329,60.51
330,330,81.36
331,331,93.85
332,332,56.81
333,333,52.71
334,334,68.28
335,335,7.4
336,336,76.47
337,337,18.3
338,338,16.5
339,339,72.96
340,340,20.04
341,341,51.32
342,342,73.99
343,343,8.77
344,344,65.77
345,345,48.79
346,346,61.88
347,347,59.59
348,348,10.61
349,349,72.46
350,350,44.5
351,351,38.57
352,352,49.55
353,353,31.76
354,354,61.22
355,355,99.69
356,356,18.41
357,357,28.06
358,358,76.91
359,359,21.29
360,360,39.21
361,361,23.37
362,362,97.21
363,363,51.23
364,364,96.59
365,365,21.97
366,366,81.26
367,367,70.79
368,368,8.96
369,369,73.26
370,370,2.47
371,371,3.52
372,372,85.47
373,373,36.35
374,374,9.5
375,375,26.59
376,376,50.31
377,377,42.22
378,378,56.31
379,379,58.13
380,380,94.46
381,381,24.49
382,382,51.86
383,383,67.59
384,384,80.77
385,385,91.01
386,386,79.51
387,387,87.37
388,388,89.11
389,389,68.15
390,390,14.23
391,391,86.62
392,392,17.05
393,393,16.68
394,394,87.49
395,395,95.12
396,396,90.26
397,397,28.39
398,398,82.23
399,399,45.74
400,400,32.87
401,401,94.67
402,402,58.7
403,403,32.58
404,404,94.08
405,405,16.0
406,406,91.43
407,407,33.51
408,408,13.85
409,409,17.79
410,410,52.82
411,411,1.15
412,412,48.39
413,413,56.15
414,414,82.36
415,415,49.07
416,416,90.18
417,417,84.43
418,418,8.12
419,419,96.38
420,420,66.45
421,421,87.39
422,422,18.35
423,423,6.79
424,424,6.28
425,425,88.08
426,426,16.24
427,427,82.05
428,428,38.6
429,429,69.05
430,430,7.17
431,431,68.17
432,432,21.66
433,433,68.24
434,434,14.98
435,435,85.29
436,436,61.41
437,437,96.11
438,438,45.18
439,439,0.68
440,440,41.76
441,441,6.44
442,442,49.32
443,443,28.58
444,444,98.66
445,445,31.34
446,446,51.18
447,447,83.87
448,448,22.17
449,449,86.25
450,450,45.45
451,451,46.37
452,452,36.33
453,453,1.61
454,454,6.46
455,455,1.41
456,456,97.64
457,457,64.18
458,458,0.42
459,459,31.3
460,460,61.7
461,461,84.74
462,462,45.27
463,463,65.18
464,464,1.21
465,465,40.87
466,466,90.37
467,467,82.92
468,468,0.73
469,469,31.01
470,470,25.74
471,471,11.54
472,472,26.98
473,473,42.25
474,474,49.85
475,475,92.96
476,476,97.59
477,477,78.22
478,478,73.19
479,479,46.54
480,480,44.96
481,481,86.44
482,482,55.5
483,483,32.16
484,484,33.68
485,485,41.52
486,486,33.52
487,487,45.96
488,488,71.68
489,489,91.0
490,490,25.05
491,491,23.43
492,492,86.42
493,493,75.91
494,494,62.19
495,495,47.55
496,496,24.24
497,497,98.48
498,498,55.16
499,499,92.57
500,500,92.31
501,501,53.34
502,502,66.92
503,503,48.81
504,504,58.86
505,505,92.02
506,506,19.25
507,507,32.45
508,508,91.0
509,509,23.25
510,510,41.09
511,511,78.0
512,512,8.14
513,513,41.53
514,514,63.17
515,515,69.13
516,516,16.09
517,517,95.14
518,518,89.56
519,519,0.81
520,520,98.07
521,521,4.02
522,522,67.47
523,523,57.87
524,524,17.5
525,525,0.91
526,526,77.28
527,527,58.19
528,528,68.14
529,529,1.2
530,530,30.54
531,531,1.48
532,532,54.89
533,533,13.07
534,534,76.53
535,535,31.87
536,536,6.3
537,537,74.39
538,538,97.55
539,539,95.35
540,540,12.93
541,541,4.53
542,542,69.71
543,543,82.67
544,544,33.75
545,545,47.51
546,546,85.54
547,547,67.11
548,548,67.86
549,549,8.54
550,550,89.61
551,551,28.36
552,552,96.06
553,553,14.06
554,554,47.64
555,555,3.21
556,556,29.67
557,557,10.14
558,558,76.42
559,559,85.63
560,560,29.81
561,561,86.4
562,562,43.15
563,563,77.02
564,564,70.28
565,565,34.26
566,566,64.95
567,567,80.48
568,568,42.11
569,569,61.41
570,570,87.65
571,571,80.36
572,572,42.87
573,573,97.13
574,574,64.15
575,575,99.81
576,576,5.47
577,577,85.31
578,578,48.41
579,579,0.54
580,580,20.4
581,581,51.06
582,582,1.47
583,583,42.83
584,584,71.89
585,585,44.9
586,586,48.34
587,587,49.06
588,588,2.66
589,589,88.69
590,590,27.19
591,591,32.74
592,592,38.87
593,593,21.08
594,594,90.32
595,595,0.0
596,596,40.96
597,597,15.85
598,598,13.15
599,599,5.49
600,600,65.29
601,601,48.1
602,602,21.2
603,603,90.95
604,604,12.27
605,605,73.25
606,606,81.01
607,607,36.05
608,608,8.48
609,609,76.92
610,610,65.19
611,611,14.91
612,612,26.75
613,613,37.0
614,614,54.96
615,615,13.25
616,616,95.79
617,617,23.53
618,618,53.12
619,619,63.92
620,620,18.94
621,621,31.47
622,622,34.15
623,623,76.49
624,624,31.87
625,625,91.51
626,626,94.88
627,627,87.76
628,628,73.66
629,629,67.12
630,630,55.76
631,631,60.86
632,632,6.87
633,633,30.32
634,634,38.49
635,635,97.94
636,636,59.51
637,637,75.05
638,638,23.26
639,639,50.42
640,640,47.89
641,641,30.51
642,642,25.5
643,643,44.46
644,644,87.76
645,645,38.72
646,646,95.27
647,647,82.91
648,648,45.23
649,649,72.18
650,650,85.17
651,651,91.95
652,652,88.32
653,653,44.17
654,654,75.03
655,655,6.94
656,656,69.22
657,657,34.41
658,658,49.84
659,659,23.8
660,660,52.36
661,661,7.24
662,662,67.66
663,663,82.13
664,664,29.15
665,665,70.55
666,666,62.12
667,667,73.61
668,668,56.22
669,669,30.68
670,670,44.01
671,671,84.64
672,672,78.73
673,673,2.09
674,674,64.62
675,675,70.92
676,676,1.42
677,677,81.65
678,678,25.53
679,679,20.37
680,680,89.8
681,681,58.79
682,682,55.3
683,683,71.68
684,684,91.3
685,685,99.46
686,686,61.57
687,687,61.99
688,688,36.96
689,689,3.64
690,690,68.5
691,691,16.48
692,692,7.25
693,693,13.43
694,694,64.47
695,695,78.69
696,696,67.97
697,697,51.77
698,698,55.21
699,699,44.05
700,700,12.43
701,701,83.28
702,702,26.09
703,703,91.66
704,704,10.88
705,705,2.19
706,706,35.04
707,707,61.47
708,708,14.08
709,709,14.85
710,710,84.68
711,711,96.25
712,712,96.98
713,713,13.03
714,714,30.66
715,715,24.23
716,716,2.23
717,717,81.51
718,718,98.25
719,719,4.98
720,720,88.26
721,721,69.81
722,722,33.43
723,723,41.21
724,724,67.46
725,725,92.99
726,726,46.65
727,727,2.29
728,728,8.56
729,729,62.33
730,730,5.55
731,731,8.11
732,732,32.93
733,733,74.07
734,734,61.03
735,735,29.03
736,736,2.24
737,737,47.31
738,738,34.14
739,739,21.76
740,740,68.05
741,741,73.1
742,742,8.41
743,743,21.32
744,744,0.44
745,745,13.63
746,746,25.58
747,747,94.75
748,748,35.68
749,749,96.46
750,750,25.8
751,751,36.48
752,752,82.73
753,753,27.47
754,754,21.35
755,755,57.47
756,756,46.5
757,757,55.78
758,758,17.74
759,759,99.04
760,760,61.81
761,761,56.71
762,762,66.85
763,763,98.19
764,764,10.9
765,765,88.79
766,766,69.97
767,767,95.24
768,768,75.08
769,769,37.94
770,770,87.76
771,771,68.26
772,772,35.63
773,773,60.86
774,774,29.21
775,775,76.01
776,776,8.76
777,777,83.26
778,778,48.68
779,779,38.33
780,780,49.22
781,781,29.34
782,782,51.43
783,783,50.01
784,784,14.15
785,785,77.12
786,786,67.98
787,787,17.21
788,788,42.84
789,789,34.42
790,790,95.32
791,791,12.56
792,792,50.69
793,793,93.79
794,794,79.01
795,795,61.14
796,796,23.62
797,797,56.87
798,798,21.98
799,799,39.93
800,800,13.76
801,801,2.75
802,802,43.64
803,803,48.64
804,804,55.7
805,805,13.66
806,806,46.8
807,807,62.01
808,808,46.79
809,809,57.25
810,810,29.36
811,811,46.25
812,812,76.84
813,813,2.17
814,814,65.42
815,815,72.7
816,816,27.59
817,817,1.61
818,818,97.3
819,819,6.41
820,820,77.12
821,821,39.2
822,822,34.27
823,823,60.05
824,824,20.17
825,825,94.24
826,826,80.92
827,827,47.74
828,828,27.63
829,829,59.21
830,830,18.52
831,831,87.66
832,832,59.01
833,833,63.4
834,834,44.69
835,835,3.16
836,836,12.94
837,837,35.02
838,838,67.59
839,839,57.21
840,840,52.65
841,841,37.9
842,842,92.21
843,843,21.33
844,844,98.73
845,845,75.73
846,846,81.79
847,847,19.35
848,848,76.17
849,849,92.06
850,850,94.29
851,851,6.29
852,852,10.44
853,853,25.63
854,854,71.96
855,855,30.55
856,856,55.4
857,857,64.23
858,858,24.05
859,859,40.41
860,860,33.42
861,861,93.29
862,862,52.38
863,863,86.19
864,864,9.39
865,865,29.72
866,866,33.79
867,867,91.83
868,868,76.22
869,869,63.99
870,870,76.94
871,871,58.02
872,872,37.37
873,873,97.59
874,874,63.88
875,875,70.56
876,876,74.23
877,877,72.43
878,878,12.49
879,879,56.1
880,880,57.35
881,881,78.81
882,882,85.07
883,883,55.68
884,884,72.64
885,885,44.47
886,886,65.33
887,887,3.5
888,888,81.96
889,889,33.53
890,890,36.78
891,891,75.03
892,892,73.35
893,893,60.88
894,894,84.07
895,895,63.5
896,896,1.38
897,897,77.25
898,898,97.21
899,899,73.74
900,900,96.63
901,901,96.78
902,902,14.03
903,903,77.68
904,904,8.37
905,905,6.97
906,906,38.15
907,907,93.18
908,908,10.57
909,909,50.07
910,910,24.25
911,911,22.76
912,912,26.63
913,913,45.72
914,914,24.8
915,915,90.55
916,916,68.25
917,917,33.48
918,918,81.73
919,919,37.59
920,920,99.22
921,921,81.79
922,922,40.09
923,923,33.9
924,924,85.61
925,925,70.69
926,926,14.72
927,927,39.07
928,928,75.8
929,929,51.66
930,930,27.99
931,931,52.88
932,932,1.81
933,933,63.83
934,934,14.39
935,935,32.01
936,936,46.89
937,937,14.55
938,938,68.59
939,939,69.65
940,940,91.74
941,941,59.72
942,942,77.23
943,943,43.75
944,944,7.39
945,945,9.78
946,946,66.27
947,947,88.79
948,948,80.75
949,949,51.78
950,950,49.49
951,951,25.84
952,952,89.84
953,953,64.43
954,954,52.75
955,955,90.67
956,956,2.2
957,957,40.73
958,958,43.6
959,959,13.43
960,960,16.72
961,961,85.75
962,962,43.41
963,963,30.12
964,964,66.69
965,965,35.03
966,966,94.22
967,967,24.09
968,968,9.89
969,969,50.0
970,970,25.63
971,971,11.87
972,972,48.74
973,973,15.09
974,974,21.43
975,975,28.66
976,976,91.78
977,977,84.15
978,978,84.18
979,979,47.86
980,980,56.38
981,981,49.89
982,982,63.94
983,983,16.13
984,984,70.87
985,985,20.27
986,986,8.77
987,987,68.14
988,988,80.29
989,989,87.07
990,990,43.05
991,991,24.52
992,992,70.57
993,993,26.46
994,994,66.16
995,995,80.29
996,996,75.77
997,997,82.39
998,998,79.22
999,999,69.65
1000,1000,47.21
1001,1001,62.94
1002,1002,65.73
1003,1003,74.32
1004,1004,92.16
1005,1005,5.19
1006,1006,35.02
1007,1007,16.61
1008,1008,95.95
1009,1009,16.0
1010,1010,7.35
1011,1011,2.22
1012,1012,94.88
1013,1013,56.85
1014,1014,91.86
1015,1015,35.86
1016,1016,5.43
1017,1017,66.88
1018,1018,20.24
1019,1019,64.92
1020,1020,25.37
1021,1021,48.84
1022,1022,92.19
1023,1023,77.36
1024,1024,68.24
1025,1025,27.63
1026,1026,4.35
1027,1027,54.59
1028,1028,66.81
1029,1029,50.09
1030,1030,23.75
1031,1031,76.3
1032,1032,50.61
1033,1033,28.92
1034,1034,95.41
1035,1035,48.79
1036,1036,69.72
1037,1037,99.53
1038,1038,95.88
1039,1039,61.96
1040,1040,80.46
1041,1041,69.28
1042,1042,68.08
1043,1043,53.37
1044,1044,27.39
1045,1045,50.62
1046,1046,71.44
1047,1047,21.24
1048,1048,15.44
1049,1049,38.72
1050,1050,72.2
1051,1051,87.73
1052,1052,21.85
1053,1053,20.58
1054,1054,33.87
1055,1055,23.62
1056,1056,50.7
1057,1057,97.31
1058,1058,61.03
1059,1059,54.61
1060,1060,67.6
1061,1061,58.34
1062,1062,90.15
1063,1063,18.86
1064,1064,64.25
1065,1065,94.15
1066,1066,63.02
1067,1067,97.29
1068,1068,37.65
1069,1069,64.11
1070,1070,91.77
1071,1071,44.35
1072,1072,98.55
1073,1073,28.18
1074,1074,30.0
1075,1075,94.53
1076,1076,84.72
1077,1077,35.09
1078,1078,46.61
1079,1079,89.74
1080,1080,46.48
1081,1081,70.77
1082,1082,87.62
1083,1083,32.29
1084,1084,48.38
1085,1085,44.92
1086,1086,37.52
1087,1087,43.55
1088,1088,39.14
1089,1089,76.92
1090,1090,81.07
1091,1091,53.24
1092,1092,0.16
1093,1093,37.52
1094,1094,66.1
1095,1095,89.32
1096,1096,64.02
1097,1097,57.44
1098,1098,80.87
1099,1099,27.55
1100,1100,23.04
1101,1101,35.62
1102,1102,46.82
1103,1103,42.43
1104,1104,2.09
1105,1105,55.27
1106,1106,52.3
1107,1107,86.47
1108,1108,39.07
1109,1109,32.22
1110,1110,28.98
1111,1111,6.38
1112,1112,91.97
1113,1113,83.24
1114,1114,51.3
1115,1115,44.95
1116,1116,16.08
1117,1117,24.04
1118,1118,43.21
1119,1119,64.41
1120,1120,72.82
1121,1121,31.01
1122,1122,58.58
1123,1123,13.95
1124,1124,61.99
1125,1125,84.03
1126,1126,47.55
1127,1127,26.83
1128,1128,53.59
1129,1129,93.13
1130,1130,34.45
1131,1131,76.78
1132,1132,5.5
1133,1133,80.13
1134,1134,92.06
1135,1135,46.61
1136,1136,91.19
1137,1137,99.38
1138,1138,2.37
1139,1139,91.62
1140,1140,41.71
1141,1141,59.43
1142,1142,63.28
1143,1143,96.88
1144,1144,57.07
1145,1145,56.08
1146,1146,84.64
1147,1147,51.29
1148,1148,1.91
1149,1149,37.4
1150,1150,58.4
1151,1151,16.36
1152,1152,20.34
1153,1153,26.58
1154,1154,3.31
1155,1155,48.72
1156,1156,27.51
1157,1157,82.2
1158,1158,32.66
1159,1159,31.37
1160,1160,65.97
1161,1161,21.92
1162,1162,22.44
1163,1163,35.93
1164,1164,93.03
1165,1165,63.7
1166,1166,96.07
1167,1167,53.49
1168,1168,57.72
1169,1169,52.23
1170,1170,3.07
1171,1171,80.39
1172,1172,25.67
1173,1173,0.21
1174,1174,46.45
1175,1175,85.37
1176,1176,18.32
1177,1177,91.32
1178,1178,44.34
1179,1179,69.72
1180,1180,52.15
1181,1181,47.93
1182,1182,60.72
1183,1183,32.69
1184,1184,70.3
1185,1185,10.42
1186,1186,58.62
1187,1187,33.4
1188,1188,76.22
1189,1189,0.18
1190,1190,56.4
1191,1191,80.38
1192,1192,53.24
1193,1193,37.8
1194,1194,52.37
1195,1195,5.83
1196,1196,12.84
1197,1197,52.76
1198,1198,47.69
1199,1199,12.23
1200,1200,10.3
1201,1201,68.4
1202,1202,22.95
1203,1203,23.02
1204,1204,79.04
1205,1205,20.04
1206,1206,43.95
1207,1207,79.13
1208,1208,63.32
1209,1209,90.85
1210,1210,34.2
1211,1211,36.61
1212,1212,95.58
1213,1213,52.14
1214,1214,91.76
1215,1215,74.88
1216,1216,23.14
1217,1217,77.1
1218,1218,38.75
1219,1219,81.27
1220,1220,92.6
1221,1221,14.8
1222,1222,50.48
1223,1223,31.32
1224,1224,62.27
1225,1225,4.22
1226,1226,58.82
1227,1227,16.45
1228,1228,89.42
1229,1229,44.07
1230,1230,23.36
1231,1231,94.22
1232,1232,27.09
1233,1233,64.03
1234,1234,0.55
1235,1235,11.79
1236,1236,90.14
1237,1237,50.4
1238,1238,36.63
1239,1239,68.52
1240,1240,89.24
1241,1241,72.47
1242,1242,7.56
1243,1243,66.49
1244,1244,70.57
1245,1245,47.97
1246,1246,6.48
1247,1247,90.31
1248,1248,60.79
1249,1249,94.9
1250,1250,66.33
1251,1251,49.19
1252,1252,71.5
1253,1253,42.45
1254,1254,32.39
1255,1255,18.52
1256,1256,39.3
1257,1257,30.21
1258,1258,95.97
1259,1259,38.83
1260,1260,22.14
1261,1261,27.0
1262,1262,20.88
1263,1263,90.14
1264,1264,78.43
1265,1265,9.12
1266,1266,68.19
1267,1267,90.19
1268,1268,5.52
1269,1269,47.85
1270,1270,80.72
1271,1271,30.33
1272,1272,63.79
1273,1273,18.69
1274,1274,83.63
1275,1275,35.57
1276,1276,63.27
1277,1277,96.73
1278,1278,55.44
1279,1279,81.95
1280,1280,36.2
1281,1281,41.88
1282,1282,74.78
1283,1283,63.5
1284,1284,13.09
1285,1285,30.68
1286,1286,7.37
1287,1287,62.93
1288,1288,7.05
1289,1289,42.03
1290,1290,48.2
1291,1291,74.27
1292,1292,44.64
1293,1293,41.63
1294,1294,36.92
1295,1295,73.28
1296,1296,81.15
1297,1297,20.53
1298,1298,47.83
1299,1299,59.58
1300,1300,14.4
1301,1301,17.29
1302,1302,69.94
1303,1303,12.9
1304,1304,70.87
1305,1305,50.08
1306,1306,27.95
1307,1307,16.33
1308,1308,1.05
1309,1309,48.56
1310,1310,33.31
1311,1311,50.8
1312,1312,96.61
1313,1313,65.57
1314,1314,91.61
1315,1315,23.89
1316,1316,3.32
1317,1317,10.87
1318,1318,24.14
1319,1319,37.26
1320,1320,63.58
1321,1321,7.83
1322,1322,34.48
1323,1323,20.23
1324,1324,81.9
1325,1325,44.72
1326,1326,4.21
1327,1327,26.53
1328,1328,45.45
1329,1329,36.68
1330,1330,37.7
1331,1331,98.07
1332,1332,71.86
1333,1333,35.63
1334,1334,13.27
1335,1335,97.14
1336,1336,96.26
1337,1337,92.92
1338,1338,53.05
1339,1339,6.46
1340,1340,63.23
1341,1341,16.45
1342,1342,54.76
1343,1343,44.49
1344,1344,73.08
1345,1345,26.28
1346,1346,93.62
1347,1347,16.34
1348,1348,84.81
1349,1349,84.85
1350,1350,97.87
1351,1351,21.26
1352,1352,14.79
1353,1353,39.5
1354,1354,66.49
1355,1355,28.06
1356,1356,44.12
1357,1357,39.54
1358,1358,34.25
1359,1359,1.51
1360,1360,44.78
1361,1361,93.71
1362,1362,3.92
1363,1363,26.07
1364,1364,45.71
1365,1365,28.65
1366,1366,16.5
1367,1367,29.55
1368,1368,62.56
1369,1369,37.19
1370,1370,17.18
1371,1371,32.18
1372,1372,66.02
1373,1373,46.57
1374,1374,29.73
1375,1375,64.86
1376,1376,20.35
1377,1377,92.69
1378,1378,22.79
1379,1379,40.5
1380,1380,83.21
1381,1381,27.83
1382,1382,94.46
1383,1383,27.32
1384,1384,27.98
1385,1385,93.11
1386,1386,36.77
1387,1387,45.0
1388,1388,16.97
1389,1389,29.85
1390,1390,87.93
1391,1391,38.81
1392,1392,82.05
1393,1393,44.11
1394,1394,77.27
1395,1395,92.31
1396,1396,23.06
1397,1397,56.47
1398,1398,82.5
1399,1399,29.35
1400,1400,32.92
1401,1401,8.63
1402,1402,77.34
1403,1403,11.31
1404,1404,45.74
1405,1405,54.05
1406,1406,31.01
1407,1407,79.26
1408,1408,57.96
1409,1409,2.19
1410,1410,33.57
1411,1411,72.4
1412,1412,10.5
1413,1413,19.85
1414,1414,80.86
1415,1415,92.49
1416,1416,21.11
1417,1417,1.96
1418,1418,68.61
1419,1419,74.49
1420,1420,13.97
1421,1421,90.91
1422,1422,49.94
1423,1423,13.79
1424,1424,61.57
1425,1425,7.03
1426,1426,23.29
1427,1427,7.48
1428,1428,48.05
1429,1429,8.7
1430,1430,41.91
1431,1431,59.32
1432,1432,18.2
1433,1433,12.09
1434,1434,0.37
1435,1435,62.07
1436,1436,38.48
1437,1437,37.28
1438,1438,36.72
1439,1439,79.95
1440,1440,27.77
1441,1441,33.01
1442,1442,12.61
1443,1443,39.27
1444,1444,32.96
1445,1445,56.29
1446,1446,98.2
1447,1447,42.49
1448,1448,20.84
1449,1449,59.49
1450,1450,30.44
1451,1451,60.17
1452,1452,45.65
1453,1453,97.4
1454,1454,19.04
1455,1455,83.61
1456,1456,45.92
1457,1457,76.53
1458,1458,42.99
1459,1459,28.36
1460,1460,33.65
1461,1461,24.96
1462,1462,83.97
1463,1463,1.23
1464,1464,96.66
1465,1465,62.4
1466,1466,35.19
1467,1467,81.7
1468,1468,18.78
1469,1469,13.36
1470,1470,63.96
1471,1471,3.65
1472,1472,45.82
1473,1473,68.95
1474,1474,9.26
1475,1475,14.32
1476,1476,11.24
1477,1477,76.68
1478,1478,14.05
1479,1479,10.19
1480,1480,46.44
1481,1481,55.78
1482,1482,54.03
1483,1483,96.86
1484,1484,20.3
1485,1485,85.48
1486,1486,67.75
1487,1487,9.58
1488,1488,47.37
1489,1489,80.19
1490,1490,58.47
1491,1491,18.43
1492,1492,59.3
1493,1493,38.47
1494,1494,31.68
1495,1495,90.1
1496,1496,70.75
1497,1497,5.8
1498,1498,78.3
1499,1499,72.76
1500,1500,97.52
1501,1501,60.75
1502,1502,44.67
1503,1503,37.36
1504,1504,37.34
1505,1505,82.3
1506,1506,15.14
1507,1507,7.19
1508,1508,87.58
1509,1509,84.86
1510,1510,21.26
1511,1511,48.48
1512,1512,63.62
1513,1513,90.88
1514,1514,2.34
1515,1515,81.73
1516,1516,81.0
1517,1517,80.97
1518,1518,60.09
1519,1519,78.31
1520,1520,51.15
1521,1521,9.51
1522,1522,90.41
1523,1523,33.95
1524,1524,62.69
1525,1525,55.52
1526,1526,21.67
1527,1527,63.12
1528,1528,56.69
1529,1529,60.69
1530,1530,93.71
1531,1531,46.55
1532,1532,39.74
1533,1533,65.38
1534,1534,68.9
1535,1535,76.6
1536,1536,38.57
1537,1537,55.73
1538,1538,7.3
1539,1539,80.94
1540,1540,38.47
1541,1541,82.35
1542,1542,36.37
1543,1543,52.21
1544,1544,25.74
1545,1545,63.24
1546,1546,90.79
1547,1547,72.55
1548,1548,14.92
1549,1549,25.46
1550,1550,70.35
1551,1551,32.83
1552,1552,58.48
1553,1553,76.85
1554,1554,90.04
1555,1555,92.8
1556,1556,11.46
1557,1557,76.89
1558,1558,76.19
1559,1559,57.47
1560,1560,97.52
1561,1561,16.19
1562,1562,30.02
1563,1563,76.44
1564,1564,85.04
1565,1565,25.84
1566,1566,90.84
1567,1567,56.68
1568,1568,12.86
1569,1569,68.4
1570,1570,96.09
1571,1571,16.84
1572,1572,3.69
1573,1573,56.7
1574,1574,82.47
1575,1575,67.93
1576,1576,90.51
1577,1577,54.01
1578,1578,33.15
1579,1579,79.65
1580,1580,25.24
1581,1581,29.36
1582,1582,40.91
1583,1583,94.95
1584,1584,50.29
1585,1585,98.22
1586,1586,48.03
1587,1587,80.68
1588,1588,31.77
1589,1589,29.53
1590,1590,92.08
1591,1591,18.8
1592,1592,13.33
1593,1593,85.49
1594,1594,97.33
1595,1595,92.21
1596,1596,18.61
1597,1597,4.21
1598,1598,20.83
1599,1599,89.23
1600,1600,16.48
1601,1601,43.65
1602,1602,49.62
1603,1603,26.7
1604,1604,12.39
1605,1605,38.84
1606,1606,68.41
1607,1607,40.13
1608,1608,69.29
1609,1609,13.95
1610,1610,4.11
1611,1611,52.8
1612,1612,61.77
1613,1613,17.13
1614,1614,34.29
1615,1615,10.04
1616,1616,74.68
1617,1617,23.52
1618,1618,22.57
1619,1619,32.24
1620,1620,17.77
1621,1621,12.84
1622,1622,79.65
1623,1623,45.91
1624,1624,28.94
1625,1625,27.99
1626,1626,20.28
1627,1627,50.86
1628,1628,6.33
1629,1629,77.07
1630,1630,41.81
1631,1631,67.82
1632,1632,41.61
1633,1633,80.0
1634,1634,56.33
1635,1635,2.52
1636,1636,34.01
1637,1637,38.34
1638,1638,64.48
1639,1639,66.32
1640,1640,42.36
1641,1641,72.6
1642,1642,63.01
1643,1643,95.96
1644,1644,72.76
1645,1645,85.33
1646,1646,16.78
1647,1647,6.93
1648,1648,57.19
1649,1649,82.39
1650,1650,86.47
1651,1651,90.41
1652,1652,50.83
1653,1653,1.65
1654,1654,84.51
1655,1655,97.24
1656,1656,96.11
1657,1657,35.49
1658,1658,73.19
1659,1659,2.92
1660,1660,91.9
1661,1661,86.31
1662,1662,68.46
1663,1663,11.16
1664,1664,38.64
1665,1665,38.09
1666,1666,72.67
1667,1667,79.02
1668,1668,43.06
1669,1669,96.46
1670,1670,99.18
1671,1671,2.73
1672,1672,54.29
1673,1673,41.83
1674,1674,53.03
1675,1675,13.98
1676,1676,63.82
1677,1677,43.63
1678,1678,45.08
1679,1679,57.08
1680,1680,53.62
1681,1681,20.73
1682,1682,76.68
1683,1683,44.61
1684,1684,40.16
1685,1685,35.2
1686,1686,89.74
1687,1687,33.93
1688,1688,60.38
1689,1689,69.15
1690,1690,43.43
1691,1691,9.05
1692,1692,62.42
1693,1693,12.79
1694,1694,63.85
1695,1695,22.39
1696,1696,33.97
1697,1697,13.75
1698,1698,67.69
1699,1699,70.33
1700,1700,32.0
1701,1701,26.68
1702,1702,59.17
1703,1703,95.86
1704,1704,62.99
1705,1705,38.53
1706,1706,98.08
1707,1707,9.93
1708,1708,59.66
1709,1709,11.33
1710,1710,6.13
1711,1711,75.21
1712,1712,51.76
1713,1713,93.68
1714,1714,44.71
1715,1715,25.78
1716,1716,77.12
1717,1717,17.47
1718,1718,18.9
1719,1719,58.93
1720,1720,71.57
1721,1721,38.42
1722,1722,77.0
1723,1723,96.4
1724,1724,94.98
1725,1725,6.01
1726,1726,86.5
1727,1727,73.88
1728,1728,74.81
1729,1729,96.23
1730,1730,59.84
1731,1731,91.72
1732,1732,5.81
1733,1733,45.26
1734,1734,45.18
1735,1735,59.55
1736,1736,55.22
1737,1737,85.72
1738,1738,2.97
1739,1739,3.8
1740,1740,43.25
1741,1741,7.0
1742,1742,7.91
1743,1743,51.46
1744,1744,89.89
1745,1745,98.67
1746,1746,74.08
1747,1747,11.76
1748,1748,85.14
1749,1749,18.16
1750,1750,26.29
1751,1751,59.48
1752,1752,73.56
1753,1753,56.42
1754,1754,16.52
1755,1755,30.81
1756,1756,14.55
1757,1757,27.54
1758,1758,52.23
1759,1759,98.04
1760,1760,41.64
1761,1761,52.46
1762,1762,85.0
1763,1763,36.31
1764,1764,53.11
1765,1765,86.9
1766,1766,15.23
1767,1767,55.98
1768,1768,96.32
1769,1769,43.24
1770,1770,78.99
1771,1771,86.81
1772,1772,80.07
1773,1773,10.57
1774,1774,61.24
1775,1775,30.61
1776,1776,11.77
1777,1777,6.87
1778,1778,59.26
1779,1779,58.33
1780,1780,11.15
1781,1781,51.96
1782,1782,20.73
1783,1783,41.41
1784,1784,1.52
1785,1785,12.74
1786,1786,92.8
1787,1787,9.51
1788,1788,44.77
1789,1789,66.27
1790,1790,24.78
1791,1791,87.44
1792,1792,88.57
1793,1793,75.1
1794,1794,96.47
1795,1795,28.4
1796,1796,79.97
1797,1797,33.08
1798,1798,13.92
1799,1799,19.72
1800,1800,82.45
1801,1801,14.16
1802,1802,39.37
1803,1803,33.77
1804,1804,21.46
1805,1805,71.98
1806,1806,96.98
1807,1807,78.2
1808,1808,12.88
1809,1809,28.75
1810,1810,12.17
1811,1811,20.0
1812,1812,3.61
1813,1813,91.87
1814,1814,97.57
1815,1815,93.46
1816,1816,87.47
1817,1817,9.5
1818,1818,90.48
1819,1819,46.28
1820,1820,41.78
1821,1821,36.66
1822,1822,15.32
1823,1823,96.93
1824,1824,63.83
1825,1825,47.05
1826,1826,50.43
1827,1827,86.63
1828,1828,56.01
1829,1829,30.8
1830,1830,18.28
1831,1831,89.69
1832,1832,8.46
1833,1833,0.96
1834,1834,25.47
1835,1835,31.78
1836,1836,65.03
1837,1837,22.2
1838,1838,68.23
1839,1839,35.74
1840,1840,69.49
1841,1841,75.76
1842,1842,62.49
1843,1843,2.55
1844,1844,23.25
1845,1845,13.31
1846,1846,35.44
1847,1847,33.31
1848,1848,15.88
1849,1849,28.76
1850,1850,46.13
1851,1851,35.37
1852,1852,82.17
1853,1853,94.18
1854,1854,31.35
1855,1855,9.31
1856,1856,51.4
1857,1857,95.8
1858,1858,38.78
1859,1859,97.17
1860,1860,30.72
1861,1861,42.0
1862,1862,65.95
1863,1863,94.78
1864,1864,42.24
1865,1865,94.94
1866,1866,4.43
1867,1867,58.05
1868,1868,4.55
1869,1869,57.39
1870,1870,97.86
1871,1871,30.05
1872,1872,74.58
1873,1873,16.04
1874,1874,78.45
1875,1875,54.47
1876,1876,88.86
1877,1877,26.14
1878,1878,91.94
1879,1879,38.74
1880,1880,84.32
1881,1881,45.05
1882,1882,88.55
1883,1883,22.34
1884,1884,59.52
1885,1885,56.2
1886,1886,89.28
1887,1887,33.38
1888,1888,56.15
1889,1889,98.9
1890,1890,63.47
1891,1891,12.56
1892,1892,22.19
1893,1893,27.61
1894,1894,38.52
1895,1895,91.04
1896,1896,78.17
1897,1897,96.08
1898,1898,45.65
1899,1899,29.75
1900,1900,49.57
1901,1901,84.4
1902,1902,99.01
1903,1903,19.6
1904,1904,33.26
1905,1905,19.67
1906,1906,22.15
1907,1907,69.2
1908,1908,33.34
1909,1909,46.29
1910,1910,81.71
1911,1911,40.43
1912,1912,27.54
1913,1913,24.2
1914,1914,7.13
1915,1915,22.33
1916,1916,38.22
1917,1917,79.9
1918,1918,98.5
1919,1919,89.93
1920,1920,33.37
1921,1921,51.87
1922,1922,40.48
1923,1923,28.41
1924,1924,78.21
1925,1925,96.01
1926,1926,68.12
1927,1927,15.73
1928,1928,86.9
1929,1929,58.87
1930,1930,12.78
1931,1931,35.56
1932,1932,89.01
1933,1933,43.86
1934,1934,56.07
1935,1935,27.63
1936,1936,12.48
1937,1937,75.18
1938,1938,33.69
1939,1939,61.65
1940,1940,96.1
1941,1941,56.9
1942,1942,12.13
1943,1943,93.57
1944,1944,41.19
1945,1945,49.55
1946,1946,39.8
1947,1947,81.47
1948,1948,37.39
1949,1949,73.22
1950,1950,97.84
1951,1951,28.63
1952,1952,31.12
1953,1953,34.64
1954,1954,50.95
1955,1955,51.73
1956,1956,8.59
1957,1957,10.44
1958,1958,41.43
1959,1959,48.29
1960,1960,54.81
1961,1961,7.98
1962,1962,35.78
1963,1963,44.75
1964,1964,68.17
1965,1965,97.71
1966,1966,12.37
1967,1967,15.83
1968,1968,91.21
1969,1969,46.48
1970,1970,87.34
1971,1971,83.87
1972,1972,87.49
1973,1973,19.24
1974,1974,86.88
1975,1975,54.81
1976,1976,90.08
1977,1977,83.15
1978,1978,12.03
1979,1979,63.24
1980,1980,21.59
1981,1981,74.51
1982,1982,55.83
1983,1983,95.58
1984,1984,15.18
1985,1985,61.59
1986,1986,67.46
1987,1987,83.79
1988,1988,61.47
1989,1989,95.75
1990,1990,26.2
1991,1991,62.25
1992,1992,86.08
1993,1993,20.28
1994,1994,85.8
1995,1995,72.3
1996,1996,31.2
1997,1997,18.91
1998,1998,57.41
1999,1999,61.78
2000,2000,72.15
2001,2001,57.05
2002,2002,15.63
2003,2003,72.68
2004,2004,3.07
2005,2005,5.74
2006,2006,91.5
2007,2007,81.07
2008,2008,50.03
2009,2009,75.12
2010,2010,44.19
2011,2011,83.72
2012,2012,31.52
2013,2013,66.85
2014,2014,54.5
2015,2015,66.12
2016,2016,58.11
2017,2017,53.06
2018,2018,12.98
2019,2019,99.43
2020,2020,29.88
2021,2021,99.86
2022,2022,76.23
2023,2023,91.55
2024,2024,17.82
2025,2025,0.02
2026,2026,91.11
2027,2027,65.34
2028,2028,31.12
2029,2029,51.28
2030,2030,34.68
2031,2031,52.27
2032,2032,95.02
2033,2033,53.12
2034,2034,68.18
2035,2035,94.48
2036,2036,8.52
2037,2037,87.88
2038,2038,29.58
2039,2039,92.89
2040,2040,65.01
2041,2041,12.81
2042,2042,81.98
2043,2043,43.06
2044,2044,58.09
2045,2045,70.11
2046,2046,31.37
2047,2047,43.54
2048,2048,46.41
2049,2049,62.34
2050,2050,21.95
2051,2051,52.0
2052,2052,37.34
2053,2053,3.56
2054,2054,84.67
2055,2055,64.62
2056,2056,31.13
2057,2057,10.6
2058,2058,91.28
2059,2059,1.74
2060,2060,23.74
2061,2061,74.9
2062,2062,96.77
2063,2063,87.52
2064,2064,91.5
2065,2065,4.58
2066,2066,42.87
2067,2067,95.73
2068,2068,49.68
2069,2069,86.08
2070,2070,84.68
2071,2071,7.97
2072,2072,82.25
2073,2073,1.44
2074,2074,21.5
2075,2075,93.2
2076,2076,81.13
2077,2077,21.11
2078,2078,47.46
2079,2079,98.72
2080,2080,37.53
2081,2081,69.76
2082,2082,33.44
2083,2083,26.5
2084,2084,3.94
2085,2085,37.56
2086,2086,44.15
2087,2087,70.53
2088,2088,50.38
2089,2089,1.78
2090,2090,60.68
2091,2091,57.68
2092,2092,2.13
2093,2093,71.28
2094,2094,33.49
2095,2095,43.58
2096,2096,31.53
2097,2097,16.13
2098,2098,57.87
2099,2099,63.03
2100,2100,21.98
2101,2101,87.88
2102,2102,59.48
2103,2103,70.77
2104,2104,46.35
2105,2105,51.39
2106,2106,14.68
2107,2107,83.41
2108,2108,46.67
2109,2109,41.19
2110,2110,59.27
2111,2111,89.92
2112,2112,25.52
2113,2113,5.26
2114,2114,79.87
2115,2115,80.56
2116,2116,76.5
2117,2117,26.34
2118,2118,13.7
2119,2119,56.61
2120,2120,32.86
2121,2121,91.04
2122,2122,40.85
2123,2123,80.81
2124,2124,63.03
2125,2125,20.67
2126,2126,91.87
2127,2127,76.56
2128,2128,10.98
2129,2129,11.25
2130,2130,25.64
2131,2131,21.76
2132,2132,24.18
2133,2133,52.0
2134,2134,38.02
2135,2135,16.69
2136,2136,29.65
2137,2137,94.63
2138,2138,76.19
2139,2139,96.27
2140,2140,42.58
2141,2141,94.98
2142,2142,33.14
2143,2143,37.92
2144,2144,85.91
2145,2145,42.76
2146,2146,31.35
2147,2147,48.68
2148,2148,53.31
2149,2149,80.05
2150,2150,54.4
2151,2151,43.16
2152,2152,70.63
2153,2153,76.81
2154,2154,64.41
2155,2155,21.88
2156,2156,46.11
2157,2157,57.88
2158,2158,50.38
2159,2159,42.86
2160,2160,54.24
2161,2161,1.01
2162,2162,2.92
2163,2163,19.22
2164,2164,32.47
2165,2165,42.64
2166,2166,99.1
2167,2167,18.45
2168,2168,73.7
2169,2169,53.66
2170,2170,52.59
2171,2171,87.07
2172,2172,43.74
2173,2173,87.84
2174,2174,71.76
2175,2175,97.07
2176,2176,24.21
2177,2177,45.4
2178,2178,0.68
2179,2179,70.98
2180,2180,70.4
2181,2181,68.45
2182,2182,30.7
2183,2183,23.68
2184,2184,9.22
2185,2185,44.49
2186,2186,44.16
2187,2187,17.2
2188,2188,49.7
2189,2189,45.2
2190,2190,62.18
2191,2191,58.75
2192,2192,19.93
2193,2193,10.77
2194,2194,76.24
2195,2195,62.96
2196,2196,10.26
2197,2197,92.66
2198,2198,71.4
2199,2199,0.67
2200,2200,91.39
2201,2201,23.89
2202,2202,29.12
2203,2203,85.52
2204,2204,98.9
2205,2205,13.0
2206,2206,49.83
2207,2207,22.07
2208,2208,41.82
2209,2209,75.65
2210,2210,49.55
2211,2211,12.47
2212,2212,49.78
2213,2213,31.22
2214,2214,89.42
2215,2215,12.74
2216,2216,43.57
2217,2217,40.83
2218,2218,97.18
2219,2219,58.73
2220,2220,15.86
2221,2221,39.61
2222,2222,84.28
2223,2223,72.44
2224,2224,82.42
2225,2225,14.22
2226,2226,17.73
2227,2227,76.77
2228,2228,87.18
2229,2229,18.97
2230,2230,66.23
2231,2231,30.51
2232,2232,35.02
2233,2233,58.04
2234,2234,26.16
2235,2235,59.68
2236,2236,54.37
2237,2237,11.81
2238,2238,58.93
2239,2239,34.34
2240,2240,43.0
2241,2241,48.97
2242,2242,25.19
2243,2243,63.31
2244,2244,69.31
2245,2245,7.11
2246,2246,59.24
2247,2247,14.55
2248,2248,72.08
2249,2249,16.95
2250,2250,68.87
2251,2251,3.65
2252,2252,18.87
2253,2253,14.94
2254,2254,15.89
2255,2255,24.94
2256,2256,70.52
2257,2257,45.65
2258,2258,62.0
2259,2259,69.76
2260,2260,95.46
2261,2261,78.9
2262,2262,53.69
2263,2263,98.96
2264,2264,40.91
2265,2265,62.63
2266,2266,75.44
2267,2267,79.9
2268,2268,26.19
2269,2269,12.16
2270,2270,38.59
2271,2271,9.59
2272,2272,6.44
2273,2273,57.24
2274,2274,31.33
2275,2275,24.99
2276,2276,2.25
2277,2277,11.39
2278,2278,93.34
2279,2279,90.43
2280,2280,2.26
2281,2281,87.55
2282,2282,0.69
2283,2283,87.55
2284,2284,31.06
2285,2285,61.55
2286,2286,85.5
2287,2287,82.28
2288,2288,70.86
2289,2289,38.24
2290,2290,66.07
2291,2291,24.56
2292,2292,63.03
2293,2293,39.0
2294,2294,52.21
2295,2295,15.27
2296,2296,19.21
2297,2297,30.0
2298,2298,5.43
2299,2299,11.66
2300,2300,46.08
2301,2301,66.14
2302,2302,21.0
2303,2303,92.43
2304,2304,12.93
2305,2305,65.92
2306,2306,60.41
2307,2307,90.14
2308,2308,27.47
2309,2309,93.25
2310,2310,68.92
2311,2311,87.15
2312,2312,51.94
2313,2313,9.52
2314,2314,66.0
2315,2315,0.72
2316,2316,42.36
2317,2317,52.76
2318,2318,53.39
2319,2319,94.77
2320,2320,44.79
2321,2321,77.65
2322,2322,54.4
2323,2323,88.41
2324,2324,94.23
2325,2325,91.5
2326,2326,69.83
2327,2327,99.07
2328,2328,20.18
2329,2329,86.18
2330,2330,71.35
2331,2331,76.48
2332,2332,87.25
2333,2333,55.88
2334,2334,36.36
2335,2335,7.36
2336,2336,90.95
2337,2337,27.74
2338,2338,25.38
2339,2339,1.9
2340,2340,95.88
2341,2341,3.57
2342,2342,35.54
2343,2343,98.81
2344,2344,2.26
2345,2345,83.83
2346,2346,45.49
2347,2347,33.42
2348,2348,70.26
2349,2349,30.11
2350,2350,7.98
2351,2351,13.06
2352,2352,63.02
2353,2353,26.05
2354,2354,64.75
2355,2355,56.52
2356,2356,26.03
2357,2357,36.44
2358,2358,35.9
2359,2359,25.12
2360,2360,8.05
2361,2361,79.07
2362,2362,7.72
2363,2363,21.4
2364,2364,61.23
2365,2365,54.38
2366,2366,60.99
2367,2367,99.13
2368,2368,60.46
2369,2369,39.02
2370,2370,73.17
2371,2371,86.89
2372,2372,4.65
2373,2373,52.77
2374,2374,51.34
2375,2375,16.36
2376,2376,50.48
2377,2377,8.16
2378,2378,51.04
2379,2379,43.04
2380,2380,10.93
2381,2381,71.4
2382,2382,78.0
2383,2383,41.27
2384,2384,51.53
2385,2385,62.16
2386,2386,67.57
2387,2387,26.14
2388,2388,59.06
2389,2389,76.08
2390,2390,36.43
2391,2391,5.47
2392,2392,92.09
2393,2393,79.37
2394,2394,16.3
2395,2395,68.32
2396,2396,89.21
2397,2397,41.88
2398,2398,69.37
2399,2399,91.83
2400,2400,25.67
2401,2401,24.68
2402,2402,69.45
2403,2403,64.76
2404,2404,69.95
2405,2405,56.3
2406,2406,53.05
2407,2407,81.07
2408,2408,56.49
2409,2409,54.1
2410,2410,65.8
2411,2411,30.51
2412,2412,48.61
2413,2413,26.3
2414,2414,52.68
2415,2415,26.16
2416,2416,14.4
2417,2417,98.47
2418,2418,71.73
2419,2419,14.46
2420,2420,73.58
2421,2421,88.96
2422,2422,44.17
2423,2423,81.96
2424,2424,41.7
2425,2425,86.58
2426,2426,5.98
2427,2427,67.97
2428,2428,74.2
2429,2429,44.36
2430,2430,89.09
2431,2431,67.41
2432,2432,54.86
2433,2433,97.85
2434,2434,96.27
2435,2435,34.81
2436,2436,10.76
2437,2437,63.87
2438,2438,87.34
2439,2439,79.69
2440,2440,9.22
2441,2441,48.99
2442,2442,48.18
2443,2443,36.07
2444,2444,44.77
2445,2445,51.48
2446,2446,8.06
2447,2447,66.66
2448,2448,3.53
2449,2449,63.21
2450,2450,70.08
2451,2451,23.65
2452,2452,23.62
2453,2453,79.73
2454,2454,18.31
2455,2455,77.83
2456,2456,41.65
2457,2457,56.78
2458,2458,39.27
2459,2459,11.12
2460,2460,11.9
2461,2461,31.75
2462,2462,59.73
2463,2463,71.89
2464,2464,86.85
2465,2465,84.43
2466,2466,29.37
2467,2467,31.57
2468,2468,15.87
2469,2469,97.37
2470,2470,8.43
2471,2471,53.18
2472,2472,87.93
2473,2473,32.4
2474,2474,86.43
2475,2475,13.18
2476,2476,59.56
2477,2477,92.36
2478,2478,64.9
2479,2479,87.14
2480,2480,80.33
2481,2481,87.99
2482,2482,50.57
2483,2483,71.65
2484,2484,6.98
2485,2485,69.17
2486,2486,71.12
2487,2487,28.67
2488,2488,50.72
2489,2489,5.35
2490,2490,23.87
2491,2491,41.84
2492,2492,82.11
2493,2493,44.08
2494,2494,88.06
2495,2495,59.39
2496,2496,6.47
2497,2497,19.6
2498,2498,67.01
2499,2499,10.83
2500,2500,9.0
