id,enrollment_id,assignment_grade,exam_grade,final_score
1,1,0.99,65.7,39.82
2,2,30.01,35.2,33.12
3,3,54.62,34.0,42.25
4,4,97.29,36.32,60.71
5,5,54.27,29.37,39.33
6,6,4.96,16.1,11.64
7,7,33.01,45.63,40.58
8,8,98.42,9.23,44.91
9,9,31.99,69.61,54.56
10,10,88.8,96.39,93.35
11,11,52.89,99.98,81.14
12,12,74.47,42.94,55.55
13,13,50.81,42.25,45.67
14,14,39.72,77.44,62.35
15,15,77.71,95.82,88.58
16,16,72.33,90.97,83.51
17,17,85.74,38.4,57.34
18,18,19.98,79.99,55.99
19,19,1.94,87.74,53.42
20,20,24.32,28.54,26.85
21,21,64.74,12.71,33.52
22,22,58.1,37.65,45.83
23,23,40.22,75.97,61.67
24,24,40.51,86.17,67.91
25,25,86.32,28.6,51.69
26,26,71.56,89.53,82.34
27,27,22.98,0.05,9.22
28,28,68.52,42.87,53.13
29,29,98.27,68.88,80.64
30,30,44.47,54.36,50.4
31,31,28.53,46.51,39.32
32,32,72.24,9.11,34.36
33,33,85.9,45.68,61.77
34,34,1.44,1.37,1.4
35,35,26.14,4.48,13.14
36,36,88.05,49.25,64.77
37,37,29.03,24.67,26.41
38,38,42.16,66.87,56.99
39,39,97.32,33.74,59.17
40,40,66.62,30.03,44.67
41,41,26.27,55.8,43.99
42,42,30.59,41.76,37.29
43,43,90.33,16.36,45.95
44,44,7.02,49.7,32.63
45,45,28.07,55.28,44.4
46,46,41.77,98.28,75.68
47,47,47.34,85.67,70.34
48,48,31.18,23.3,26.45
49,49,54.58,18.16,32.73
50,50,43.52,22.1,30.67
51,51,2.32,69.91,42.87
52,52,56.96,82.67,72.39
53,53,72.43,32.28,48.34
54,54,59.85,11.87,31.06
55,55,40.67,97.69,74.88
56,56,11.13,38.05,27.28
57,57,58.55,60.42,59.67
58,58,39.45,38.62,38.95
59,59,82.66,86.42,84.92
60,60,51.14,43.17,46.36
61,61,40.61,4.66,19.04
62,62,87.86,17.89,45.88
63,63,95.49,70.58,80.54
64,64,72.58,1.95,30.2
65,65,9.06,65.64,43.01
66,66,86.31,6.2,38.24
67,67,3.05,14.99,10.21
68,68,34.96,62.5,51.48
69,69,54.08,69.94,63.6
70,70,82.96,48.76,62.44
71,71,9.44,44.86,30.69
72,72,71.01,7.76,33.06
73,73,12.21,36.02,26.5
74,74,87.6,65.74,74.48
75,75,30.59,95.17,69.34
76,76,40.7,55.11,49.35
77,77,84.84,40.52,58.25
78,78,13.64,7.32,9.85
79,79,36.27,12.0,21.71
80,80,9.44,58.42,38.83
81,81,62.06,68.38,65.85
82,82,94.96,2.31,39.37
83,83,86.68,23.12,48.54
84,84,17.25,84.67,57.7
85,85,39.33,3.58,17.88
86,86,28.44,20.47,23.66
87,87,96.92,71.27,81.53
88,88,76.79,33.79,50.99
89,89,28.69,66.98,51.66
90,90,5.8,1.72,3.35
91,91,60.83,25.66,39.73
92,92,25.98,47.03,38.61
93,93,72.19,21.55,41.81
94,94,66.68,65.93,66.23
95,95,36.52,66.36,54.42
96,96,45.61,77.35,64.65
97,97,14.9,51.75,37.01
98,98,90.06,48.12,64.9
99,99,93.05,49.14,66.7
100,100,65.9,78.79,73.63
101,101,93.7,83.94,87.84
102,102,27.27,25.18,26.02
103,103,8.57,29.64,21.21
104,104,39.33,20.47,28.01
105,105,66.6,92.94,82.4
106,106,83.31,3.64,35.51
107,107,89.11,48.87,64.97
108,108,76.64,24.89,45.59
109,109,33.72,57.64,48.07
110,110,15.08,10.58,12.38
111,111,40.63,56.13,49.93
112,112,85.94,43.29,60.35
113,113,71.56,42.14,53.91
114,114,2.11,64.18,39.35
115,115,7.44,44.66,29.77
116,116,34.69,62.88,51.6
117,117,44.68,87.7,70.49
118,118,89.82,6.38,39.76
119,119,49.07,51.53,50.55
120,120,73.9,51.08,60.21
121,121,59.9,64.57,62.7
122,122,95.21,81.72,87.12
123,123,68.71,41.22,52.22
124,124,19.91,16.99,18.16
125,125,40.58,87.34,68.64
126,126,43.03,72.84,60.92
127,127,82.0,99.66,92.6
128,128,35.58,0.45,14.5
129,129,68.68,85.29,78.65
130,130,68.23,92.45,82.76
131,131,76.12,58.3,65.43
132,132,44.87,76.58,63.9
133,133,35.85,30.83,32.84
134,134,38.05,84.87,66.14
135,135,59.43,0.54,24.1
136,136,55.15,59.12,57.53
137,137,35.39,95.85,71.67
138,138,47.3,20.3,31.1
139,139,78.66,82.35,80.87
140,140,65.42,22.84,39.87
141,141,23.15,47.16,37.56
142,142,56.37,61.84,59.65
143,143,7.01,42.82,28.5
144,144,7.51,28.25,19.95
145,145,11.97,84.93,55.75
146,146,28.98,68.05,52.42
147,147,40.56,0.03,16.24
148,148,61.96,36.72,46.82
149,149,71.24,59.69,64.31
150,150,34.76,25.04,28.93
151,151,99.76,4.24,42.45
152,152,40.7,50.96,46.86
153,153,35.17,74.35,58.68
154,154,24.0,95.54,66.92
155,155,16.88,88.41,59.8
156,156,24.64,52.87,41.58
157,157,51.5,20.62,32.97
158,158,92.71,15.85,46.59
159,159,97.03,61.08,75.46
160,160,86.33,11.47,41.41
161,161,15.02,21.42,18.86
162,162,15.13,86.67,58.05
163,163,22.11,13.47,16.93
164,164,42.15,81.95,66.03
165,165,34.81,25.22,29.06
166,166,85.15,72.03,77.28
167,167,40.22,5.29,19.26
168,168,6.5,90.45,56.87
169,169,56.41,89.65,76.35
170,170,88.99,76.84,81.7
171,171,62.35,13.55,33.07
172,172,44.97,18.31,28.97
173,173,46.59,27.31,35.02
174,174,9.38,27.88,20.48
175,175,17.79,62.39,44.55
176,176,20.43,16.3,17.95
177,177,70.8,85.43,79.58
178,178,74.84,19.15,41.43
179,179,13.91,60.37,41.79
180,180,91.21,51.6,67.44
181,181,78.76,67.72,72.14
182,182,99.8,10.32,46.11
183,183,28.72,27.14,27.77
184,184,74.45,64.92,68.73
185,185,54.61,89.72,75.68
186,186,69.11,58.6,62.8
187,187,55.51,87.25,74.55
188,188,15.71,28.46,23.36
189,189,20.03,78.33,55.01
190,190,57.6,89.45,76.71
191,191,17.65,26.73,23.1
192,192,81.61,79.77,80.51
193,193,85.5,8.42,39.25
194,194,34.48,28.32,30.78
195,195,28.73,9.31,17.08
196,196,21.42,97.95,67.34
197,197,10.18,52.6,35.63
198,198,56.53,13.97,30.99
199,199,33.99,61.0,50.2
200,200,87.12,95.19,91.96
201,201,4.2,6.46,5.56
202,202,5.32,17.57,12.67
203,203,75.05,1.73,31.06
204,204,65.55,3.53,28.34
205,205,80.14,79.12,79.53
206,206,25.61,59.64,46.03
207,207,11.23,31.87,23.61
208,208,2.65,31.0,19.66
209,209,80.43,85.69,83.59
210,210,25.68,92.87,65.99
211,211,34.73,82.41,63.34
212,212,11.58,38.03,27.45
213,213,60.52,9.71,30.03
214,214,33.54,1.49,14.31
215,215,1.0,56.22,34.13
216,216,99.01,95.37,96.83
217,217,52.46,60.26,57.14
218,218,60.2,35.91,45.63
219,219,55.43,61.93,59.33
220,220,35.52,62.3,51.59
221,221,39.78,9.3,21.49
222,222,59.33,81.41,72.58
223,223,40.42,86.1,67.83
224,224,74.29,52.67,61.32
225,225,62.79,21.98,38.3
226,226,4.63,56.23,35.59
227,227,75.34,70.25,72.29
228,228,32.32,96.64,70.91
229,229,53.77,9.0,26.91
230,230,14.53,43.65,32.0
231,231,52.7,99.46,80.76
232,232,44.71,65.17,56.99
233,233,38.77,2.25,16.86
234,234,51.6,44.49,47.33
235,235,94.9,52.0,69.16
236,236,2.04,61.79,37.89
237,237,23.69,21.52,22.39
238,238,29.3,64.46,50.4
239,239,14.69,60.53,42.19
240,240,14.89,7.01,10.16
241,241,36.45,11.57,21.52
242,242,13.71,65.42,44.74
243,243,2.09,87.43,53.29
244,244,41.86,81.75,65.79
245,245,4.04,59.75,37.47
246,246,63.92,12.93,33.33
247,247,4.62,9.85,7.76
248,248,46.59,92.67,74.24
249,249,5.49,64.93,41.15
250,250,46.49,51.4,49.44
251,251,13.62,15.68,14.86
252,252,34.01,47.64,42.19
253,253,37.15,90.28,69.03
254,254,14.01,90.88,60.13
255,255,20.75,19.94,20.26
256,256,84.26,7.54,38.23
257,257,12.24,44.23,31.43
258,258,91.31,94.71,93.35
259,259,50.0,92.43,75.46
260,260,24.38,22.55,23.28
261,261,37.4,93.21,70.89
262,262,9.23,40.33,27.89
263,263,10.65,72.31,47.65
264,264,57.91,25.12,38.24
265,265,69.09,15.98,37.22
266,266,75.67,43.0,56.07
267,267,0.67,17.22,10.6
268,268,76.93,39.42,54.42
269,269,24.49,50.88,40.32
270,270,52.16,15.22,30.0
271,271,45.04,55.21,51.14
272,272,18.05,29.84,25.12
273,273,74.06,9.95,35.59
274,274,41.54,11.23,23.35
275,275,22.58,28.8,26.31
276,276,50.04,3.7,22.24
277,277,53.69,81.03,70.09
278,278,94.8,40.89,62.45
279,279,55.13,52.6,53.61
280,280,82.41,65.32,72.16
281,281,69.54,59.56,63.55
282,282,11.39,18.77,15.82
283,283,92.32,15.71,46.35
284,284,71.69,82.87,78.4
285,285,17.37,88.35,59.96
286,286,63.44,11.48,32.26
287,287,63.94,10.47,31.86
288,288,56.12,50.16,52.54
289,289,85.4,33.16,54.06
290,290,13.92,1.33,6.37
291,291,56.61,50.83,53.14
292,292,72.02,1.72,29.84
293,293,34.56,17.1,24.08
294,294,56.23,35.96,44.07
295,295,48.42,5.77,22.83
296,296,84.9,10.45,40.23
297,297,54.71,1.84,22.99
298,298,69.62,5.37,31.07
299,299,11.07,82.2,53.75
300,300,42.77,50.52,47.42
301,301,79.19,99.82,91.57
302,302,79.25,54.38,64.33
303,303,94.24,33.26,57.65
304,304,15.14,66.35,45.87
305,305,55.25,24.68,36.91
306,306,66.39,60.04,62.58
307,307,74.59,50.69,60.25
308,308,85.99,69.34,76.0
309,309,91.1,81.18,85.15
310,310,55.99,32.31,41.78
311,311,15.4,49.36,35.78
312,312,37.6,20.27,27.2
313,313,87.89,95.97,92.74
314,314,8.5,96.99,61.59
315,315,61.27,45.54,51.83
316,316,59.24,46.78,51.76
317,317,20.08,58.25,42.98
318,318,58.95,84.49,74.27
319,319,74.83,39.31,53.52
320,320,2.04,29.89,18.75
321,321,37.23,60.75,51.34
322,322,34.44,24.56,28.51
323,323,38.66,94.1,71.92
324,324,82.41,64.45,71.63
325,325,5.84,88.05,55.17
326,326,25.14,76.31,55.84
327,327,5.38,73.82,46.44
328,328,62.09,55.16,57.93
329,329,41.54,85.75,68.07
330,330,8.37,93.76,59.6
331,331,28.85,47.18,39.85
332,332,21.28,91.63,63.49
333,333,79.97,47.77,60.65
334,334,41.81,36.28,38.49
335,335,15.4,44.48,32.85
336,336,61.08,15.47,33.71
337,337,86.87,2.63,36.33
338,338,23.38,3.76,11.61
339,339,84.01,3.1,35.46
340,340,57.7,77.84,69.78
341,341,56.6,55.94,56.2
342,342,27.06,65.08,49.87
343,343,34.69,14.01,22.28
344,344,69.44,18.76,39.03
345,345,29.05,35.13,32.7
346,346,25.03,43.24,35.96
347,347,58.95,56.66,57.58
348,348,83.53,5.63,36.79
349,349,13.78,59.47,41.19
350,350,53.92,63.72,59.8
351,351,92.93,10.01,43.18
352,352,98.87,81.03,88.17
353,353,39.13,76.4,61.49
354,354,40.65,1.25,17.01
355,355,46.28,1.55,19.44
356,356,11.22,50.61,34.85
357,357,82.77,95.96,90.68
358,358,86.15,74.24,79.0
359,359,23.23,77.0,55.49
360,360,32.24,35.88,34.42
361,361,83.53,70.59,75.77
362,362,98.36,90.82,93.84
363,363,92.18,76.38,82.7
364,364,57.76,59.13,58.58
365,365,95.01,0.91,38.55
366,366,80.02,21.51,44.91
367,367,88.77,36.73,57.55
368,368,59.35,13.5,31.84
369,369,11.86,72.34,48.15
370,370,78.91,13.38,39.59
371,371,55.39,84.2,72.68
372,372,42.56,43.94,43.39
373,373,77.12,44.97,57.83
374,374,21.86,55.38,41.97
375,375,77.22,20.48,43.18
376,376,84.49,62.47,71.28
377,377,72.32,44.72,55.76
378,378,33.73,69.37,55.11
379,379,35.44,89.97,68.16
380,380,3.95,60.41,37.83
381,381,43.32,63.75,55.58
382,382,25.91,56.91,44.51
383,383,69.78,39.39,51.55
384,384,39.19,50.17,45.78
385,385,71.95,27.73,45.42
386,386,28.55,79.53,59.14
387,387,86.24,64.0,72.9
388,388,56.39,61.74,59.6
389,389,79.81,3.95,34.29
390,390,59.79,54.49,56.61
391,391,7.7,72.89,46.81
392,392,12.68,9.27,10.63
393,393,97.12,70.43,81.11
394,394,20.11,2.36,9.46
395,395,32.12,34.2,33.37
396,396,12.04,56.17,38.52
397,397,14.71,6.98,10.07
398,398,76.6,86.74,82.68
399,399,49.63,43.36,45.87
400,400,46.04,69.06,59.85
401,401,21.69,14.67,17.48
402,402,86.21,83.93,84.84
403,403,75.3,74.61,74.89
404,404,9.72,79.86,51.8
405,405,28.94,85.37,62.8
406,406,47.0,80.59,67.15
407,407,12.38,60.13,41.03
408,408,3.38,70.98,43.94
409,409,54.12,3.02,23.46
410,410,23.93,52.7,41.19
411,411,36.23,52.84,46.2
412,412,50.46,43.42,46.24
413,413,76.12,2.16,31.74
414,414,83.77,84.86,84.42
415,415,11.83,4.52,7.44
416,416,67.49,8.8,32.28
417,417,22.13,63.79,47.13
418,418,97.85,21.46,52.02
419,419,48.91,92.32,74.96
420,420,89.88,14.62,44.72
421,421,75.3,44.36,56.74
422,422,93.14,53.72,69.49
423,423,99.16,92.46,95.14
424,424,19.1,4.06,10.08
425,425,52.38,33.82,41.24
426,426,62.73,20.27,37.25
427,427,10.15,54.38,36.69
428,428,77.06,83.14,80.71
429,429,36.76,29.86,32.62
430,430,81.52,21.76,45.66
431,431,50.72,59.03,55.71
432,432,65.46,44.59,52.94
433,433,38.78,85.35,66.72
434,434,79.9,64.34,70.56
435,435,32.05,88.59,65.97
436,436,34.62,8.9,19.19
437,437,20.81,61.46,45.2
438,438,31.24,77.71,59.12
439,439,12.42,38.36,27.98
440,440,28.81,91.0,66.12
441,441,49.95,80.58,68.33
442,442,39.63,0.83,16.35
443,443,94.82,23.35,51.94
444,444,20.61,19.59,20.0
445,445,27.43,4.13,13.45
446,446,31.24,45.66,39.89
447,447,72.58,91.38,83.86
448,448,26.51,16.25,20.35
449,449,85.53,73.46,78.29
450,450,88.2,38.31,58.27
451,451,94.73,58.0,72.69
452,452,39.01,62.43,53.06
453,453,68.05,82.36,76.64
454,454,88.73,27.46,51.97
455,455,4.93,46.25,29.72
456,456,4.89,98.44,61.02
457,457,5.08,43.11,27.9
458,458,11.54,85.96,56.19
459,459,56.12,93.23,78.39
460,460,78.56,37.93,54.18
461,461,93.26,24.53,52.02
462,462,40.43,60.8,52.65
463,463,18.91,39.46,31.24
464,464,31.51,71.67,55.61
465,465,6.49,66.23,42.33
466,466,3.89,98.05,60.39
467,467,20.18,79.14,55.56
468,468,23.51,92.0,64.6
469,469,68.48,11.53,34.31
470,470,9.2,27.82,20.37
471,471,69.83,69.08,69.38
472,472,32.51,76.93,59.16
473,473,58.59,85.31,74.62
474,474,13.53,82.92,55.16
475,475,22.98,69.54,50.92
476,476,86.16,62.09,71.72
477,477,65.0,42.39,51.43
478,478,46.48,89.26,72.15
479,479,78.12,52.21,62.57
480,480,67.37,97.93,85.71
481,481,11.8,84.23,55.26
482,482,23.46,66.73,49.42
483,483,72.92,48.47,58.25
484,484,58.69,77.5,69.98
485,485,20.12,68.63,49.23
486,486,71.07,82.32,77.82
487,487,76.66,30.9,49.2
488,488,20.04,59.8,43.9
489,489,48.63,29.24,37.0
490,490,66.92,30.06,44.8
491,491,96.88,56.52,72.66
492,492,83.28,58.76,68.57
493,493,72.79,81.38,77.94
494,494,36.05,49.68,44.23
495,495,24.48,46.01,37.4
496,496,30.88,5.01,15.36
497,497,3.54,91.4,56.26
498,498,91.19,53.09,68.33
499,499,75.23,79.75,77.94
500,500,7.49,16.3,12.78
501,501,38.85,88.76,68.8
502,502,33.27,72.56,56.84
503,503,74.55,60.77,66.28
504,504,3.95,36.94,23.74
505,505,89.62,47.22,64.18
506,506,44.09,1.5,18.54
507,507,8.66,43.44,29.53
508,508,49.14,31.96,38.83
509,509,41.11,15.96,26.02
510,510,10.33,35.0,25.13
511,511,94.68,38.82,61.16
512,512,58.99,35.27,44.76
513,513,74.01,9.93,35.56
514,514,52.24,0.99,21.49
515,515,2.08,84.03,51.25
516,516,36.63,40.85,39.16
517,517,99.2,27.88,56.41
518,518,8.98,19.21,15.12
519,519,8.86,80.28,51.71
520,520,55.76,34.09,42.76
521,521,88.27,34.16,55.8
522,522,96.1,60.02,74.45
523,523,42.11,8.15,21.73
524,524,29.55,37.71,34.45
525,525,62.9,66.25,64.91
526,526,33.35,82.01,62.55
527,527,94.68,21.4,50.71
528,528,79.12,32.06,50.88
529,529,32.48,5.34,16.2
530,530,40.95,26.85,32.49
531,531,34.61,74.17,58.35
532,532,69.96,60.36,64.2
533,533,64.32,97.77,84.39
534,534,22.11,85.07,59.89
535,535,56.95,80.78,71.25
536,536,44.57,85.07,68.87
537,537,40.57,35.38,37.46
538,538,6.01,33.14,22.29
539,539,59.41,77.77,70.43
540,540,18.04,3.56,9.35
541,541,22.64,77.04,55.28
542,542,92.81,31.35,55.93
543,543,8.96,8.35,8.59
544,544,60.92,96.6,82.33
545,545,96.99,0.66,39.19
546,546,43.22,18.72,28.52
547,547,85.54,64.74,73.06
548,548,21.9,73.59,52.91
549,549,87.17,88.15,87.76
550,550,88.16,21.03,47.88
551,551,31.25,12.92,20.25
552,552,16.1,7.89,11.17
553,553,93.12,28.36,54.26
554,554,65.43,24.79,41.05
555,555,10.66,66.43,44.12
556,556,55.07,10.6,28.39
557,557,35.75,5.53,17.62
558,558,27.97,4.21,13.71
559,559,79.87,6.82,36.04
560,560,88.06,28.06,52.06
561,561,70.47,0.42,28.44
562,562,20.91,58.04,43.19
563,563,64.08,77.07,71.87
564,564,75.07,63.76,68.28
565,565,81.05,62.81,70.11
566,566,45.94,86.3,70.16
567,567,55.55,68.74,63.46
568,568,11.03,36.13,26.09
569,569,8.04,14.12,11.69
570,570,65.24,75.02,71.11
571,571,7.95,61.11,39.85
572,572,39.61,79.46,63.52
573,573,15.55,34.47,26.9
574,574,96.95,11.18,45.49
575,575,73.22,9.57,35.03
576,576,18.03,80.14,55.3
577,577,41.86,95.65,74.13
578,578,11.02,78.39,51.44
579,579,19.84,37.28,30.3
580,580,49.54,5.09,22.87
581,581,65.01,0.87,26.53
582,582,66.65,14.87,35.58
583,583,52.53,53.72,53.24
584,584,20.74,91.75,63.35
585,585,3.43,76.28,47.14
586,586,40.82,37.45,38.8
587,587,18.93,74.31,52.16
588,588,10.03,62.35,41.42
589,589,89.36,59.61,71.51
590,590,39.74,71.85,59.01
591,591,77.96,32.5,50.68
592,592,11.3,96.29,62.29
593,593,17.92,67.43,47.63
594,594,69.17,46.77,55.73
595,595,71.31,12.95,36.29
596,596,9.15,37.66,26.26
597,597,69.24,25.93,43.25
598,598,22.06,9.48,14.51
599,599,2.89,67.14,41.44
600,600,81.73,90.01,86.7
601,601,45.12,33.39,38.08
602,602,17.91,10.59,13.52
603,603,89.7,15.28,45.05
604,604,1.38,72.76,44.21
605,605,98.6,86.69,91.45
606,606,7.69,7.31,7.46
607,607,69.51,47.91,56.55
608,608,60.26,66.23,63.84
609,609,47.1,26.68,34.85
610,610,80.64,81.27,81.02
611,611,65.72,67.59,66.84
612,612,21.01,59.22,43.94
613,613,13.01,87.26,57.56
614,614,81.41,16.44,42.43
615,615,50.29,98.7,79.34
616,616,43.98,61.99,54.79
617,617,32.85,49.72,42.97
618,618,77.1,67.55,71.37
619,619,37.37,67.98,55.74
620,620,75.98,51.75,61.44
621,621,3.83,79.35,49.14
622,622,69.62,8.24,32.79
623,623,51.21,11.0,27.08
624,624,4.86,63.45,40.01
625,625,61.57,60.33,60.83
626,626,64.14,0.05,25.69
627,627,14.6,99.71,65.67
628,628,71.67,5.94,32.23
629,629,0.57,6.57,4.17
630,630,90.86,13.62,44.52
631,631,81.81,91.72,87.76
632,632,75.55,81.57,79.16
633,633,10.07,50.25,34.18
634,634,30.86,56.19,46.06
635,635,92.13,21.9,49.99
636,636,49.69,92.98,75.66
637,637,93.58,82.21,86.76
638,638,49.5,11.51,26.71
639,639,2.04,76.8,46.9
640,640,57.95,91.43,78.04
641,641,50.79,62.08,57.56
642,642,30.55,22.16,25.52
643,643,41.54,56.67,50.62
644,644,27.46,45.51,38.29
645,645,10.17,97.35,62.48
646,646,95.24,86.54,90.02
647,647,24.54,22.99,23.61
648,648,77.32,49.01,60.33
649,649,86.0,36.12,56.07
650,650,35.71,17.31,24.67
651,651,28.79,87.53,64.03
652,652,62.82,99.16,84.62
653,653,67.3,12.22,34.25
654,654,5.19,62.45,39.55
655,655,22.25,13.11,16.77
656,656,83.33,22.88,47.06
657,657,55.72,88.69,75.5
658,658,33.64,85.75,64.91
659,659,76.06,47.97,59.21
660,660,99.51,0.76,40.26
661,661,82.22,35.74,54.33
662,662,21.91,4.52,11.48
663,663,51.83,23.97,35.11
664,664,14.29,15.57,15.06
665,665,58.83,49.91,53.48
666,666,2.33,57.2,35.25
667,667,45.7,4.4,20.92
668,668,99.49,62.59,77.35
669,669,91.62,58.55,71.78
670,670,94.78,35.38,59.14
671,671,82.07,94.57,89.57
672,672,41.22,30.26,34.64
673,673,7.68,13.01,10.88
674,674,58.26,28.97,40.69
675,675,44.57,90.59,72.18
676,676,34.02,69.33,55.21
677,677,51.39,93.35,76.57
678,678,78.95,70.79,74.05
679,679,3.05,39.5,24.92
680,680,25.83,84.85,61.24
681,681,42.19,7.63,21.45
682,682,18.44,46.63,35.35
683,683,45.95,48.7,47.6
684,684,33.38,7.8,18.03
685,685,2.62,33.88,21.38
686,686,88.47,51.68,66.4
687,687,24.05,41.34,34.42
688,688,6.03,87.21,54.74
689,689,97.73,49.71,68.92
690,690,16.7,50.28,36.85
691,691,57.61,69.58,64.79
692,692,8.2,22.77,16.94
693,693,70.16,41.93,53.22
694,694,18.7,17.14,17.76
695,695,87.67,57.22,69.4
696,696,46.82,75.83,64.23
697,697,44.41,64.34,56.37
698,698,11.78,39.34,28.32
699,699,81.64,37.79,55.33
700,700,3.99,83.62,51.77
701,701,83.35,95.32,90.53
702,702,62.09,42.12,50.11
703,703,22.57,29.97,27.01
704,704,17.77,8.9,12.45
705,705,72.3,86.02,80.53
706,706,33.07,47.84,41.93
707,707,17.57,61.98,44.22
708,708,63.86,9.03,30.96
709,709,92.75,69.88,79.03
710,710,37.52,16.19,24.72
711,711,22.27,2.83,10.61
712,712,36.52,59.32,50.2
713,713,59.28,25.82,39.2
714,714,35.2,21.84,27.18
715,715,31.52,58.4,47.65
716,716,24.59,87.35,62.25
717,717,71.07,97.9,87.17
718,718,33.05,19.52,24.93
719,719,52.34,34.34,41.54
720,720,62.6,50.91,55.59
721,721,92.7,76.67,83.08
722,722,60.57,31.6,43.19
723,723,20.19,28.85,25.39
724,724,52.24,95.33,78.09
725,725,78.88,41.98,56.74
726,726,80.67,44.25,58.82
727,727,21.25,96.43,66.36
728,728,20.07,48.23,36.97
729,729,86.21,74.94,79.45
730,730,70.15,85.88,79.59
731,731,47.99,9.09,24.65
732,732,91.74,65.98,76.28
733,733,67.8,4.11,29.59
734,734,37.98,82.64,64.78
735,735,34.51,65.2,52.92
736,736,44.24,45.9,45.24
737,737,12.11,33.94,25.21
738,738,36.46,25.71,30.01
739,739,64.62,20.95,38.42
740,740,79.23,96.25,89.44
741,741,39.49,85.96,67.37
742,742,74.63,87.64,82.44
743,743,52.88,45.44,48.42
744,744,18.96,27.33,23.98
745,745,6.74,70.86,45.21
746,746,73.17,12.27,36.63
747,747,5.54,32.56,21.75
748,748,8.31,86.83,55.42
749,749,16.39,88.18,59.46
750,750,62.69,40.4,49.32
751,751,40.53,54.59,48.97
752,752,43.66,45.68,44.87
753,753,19.08,75.7,53.05
754,754,84.32,27.23,50.07
755,755,7.73,38.42,26.14
756,756,56.16,38.05,45.29
757,757,99.18,33.76,59.93
758,758,0.28,44.79,26.99
759,759,21.71,50.56,39.02
760,760,25.85,23.53,24.46
761,761,54.85,96.48,79.83
762,762,78.87,90.54,85.87
763,763,19.06,73.71,51.85
764,764,63.5,17.78,36.07
765,765,25.29,97.89,68.85
766,766,0.07,79.84,47.93
767,767,18.64,86.3,59.24
768,768,93.67,38.97,60.85
769,769,75.69,57.6,64.84
770,770,49.45,1.79,20.85
771,771,82.6,50.87,63.56
772,772,15.71,28.84,23.59
773,773,55.5,30.74,40.64
774,774,52.09,21.84,33.94
775,775,39.26,73.51,59.81
776,776,41.32,20.71,28.95
777,777,76.06,87.03,82.64
778,778,65.29,48.43,55.17
779,779,73.25,41.15,53.99
780,780,20.26,34.44,28.77
781,781,58.54,49.35,53.03
782,782,95.36,51.67,69.15
783,783,82.17,96.83,90.97
784,784,47.85,19.62,30.91
785,785,72.56,43.69,55.24
786,786,29.23,49.76,41.55
787,787,24.14,80.6,58.02
788,788,25.76,19.51,22.01
789,789,21.09,78.42,55.49
790,790,3.86,29.96,19.52
791,791,77.11,26.55,46.77
792,792,59.57,7.52,28.34
793,793,80.72,68.87,73.61
794,794,40.6,93.91,72.59
795,795,33.86,77.99,60.34
796,796,50.57,51.07,50.87
797,797,87.77,52.74,66.75
798,798,10.13,44.47,30.73
799,799,69.62,59.42,63.5
800,800,40.5,65.06,55.24
801,801,82.15,4.35,35.47
802,802,94.04,99.76,97.47
803,803,31.57,91.89,67.76
804,804,22.57,75.7,54.45
805,805,44.84,51.56,48.87
806,806,72.46,43.91,55.33
807,807,20.26,60.07,44.15
808,808,64.6,40.2,49.96
809,809,51.18,57.86,55.19
810,810,33.55,97.82,72.11
811,811,88.76,12.73,43.14
812,812,3.81,26.64,17.51
813,813,3.45,92.41,56.83
814,814,25.02,84.26,60.56
815,815,49.64,28.17,36.76
816,816,46.84,39.81,42.62
817,817,47.03,90.27,72.97
818,818,84.95,52.85,65.69
819,819,78.52,11.06,38.04
820,820,70.32,78.63,75.31
821,821,41.54,76.88,62.74
822,822,2.19,54.35,33.49
823,823,40.84,64.55,55.07
824,824,71.56,63.39,66.66
825,825,51.01,29.52,38.12
826,826,14.54,69.79,47.69
827,827,59.78,10.73,30.35
828,828,38.81,74.56,60.26
829,829,92.76,94.78,93.97
830,830,51.74,29.2,38.22
831,831,84.64,61.28,70.62
832,832,71.93,82.0,77.97
833,833,77.8,12.54,38.64
834,834,12.17,25.56,20.2
835,835,70.91,16.31,38.15
836,836,12.89,90.61,59.52
837,837,60.08,68.84,65.34
838,838,68.63,83.08,77.3
839,839,1.26,98.16,59.4
840,840,3.09,98.97,60.62
841,841,15.46,25.24,21.33
842,842,99.74,34.65,60.69
843,843,13.03,71.41,48.06
844,844,99.7,41.86,65.0
845,845,54.11,85.6,73.0
846,846,78.87,22.93,45.31
847,847,89.58,90.11,89.9
848,848,60.7,18.61,35.45
849,849,31.85,43.71,38.97
850,850,60.12,25.23,39.19
851,851,67.37,84.98,77.94
852,852,37.11,70.45,57.11
853,853,92.92,48.94,66.53
854,854,64.8,94.76,82.78
855,855,68.18,68.19,68.19
856,856,0.75,69.83,42.2
857,857,66.97,53.53,58.91
858,858,15.54,62.02,43.43
859,859,44.47,6.97,21.97
860,860,49.16,46.18,47.37
861,861,7.93,90.27,57.33
862,862,59.89,34.24,44.5
863,863,21.08,75.3,53.61
864,864,13.78,90.48,59.8
865,865,68.3,22.21,40.65
866,866,82.55,21.43,45.88
867,867,87.26,73.41,78.95
868,868,10.94,93.34,60.38
869,869,87.42,64.94,73.93
870,870,59.1,50.37,53.86
871,871,96.64,82.49,88.15
872,872,84.84,28.69,51.15
873,873,98.49,66.37,79.22
874,874,7.33,12.28,10.3
875,875,71.76,17.63,39.28
876,876,77.18,37.71,53.5
877,877,59.93,23.72,38.2
878,878,8.23,99.14,62.78
879,879,58.1,53.31,55.23
880,880,43.66,96.02,75.08
881,881,92.62,47.41,65.49
882,882,31.1,6.24,16.18
883,883,30.58,79.46,59.91
884,884,63.62,7.24,29.79
885,885,17.85,80.05,55.17
886,886,86.22,34.77,55.35
887,887,72.39,22.74,42.6
888,888,76.97,90.23,84.93
889,889,11.39,94.34,61.16
890,890,95.91,2.84,40.07
891,891,87.87,38.4,58.19
892,892,52.31,7.72,25.56
893,893,38.82,78.32,62.52
894,894,96.79,58.09,73.57
895,895,25.85,18.1,21.2
896,896,8.1,42.89,28.97
897,897,39.61,56.63,49.82
898,898,64.7,12.33,33.28
899,899,14.39,73.68,49.96
900,900,77.87,40.16,55.24
901,901,55.4,74.84,67.06
902,902,95.64,36.68,60.26
903,903,49.02,46.29,47.38
904,904,82.95,16.76,43.24
905,905,89.8,63.17,73.82
906,906,96.22,19.11,49.95
907,907,85.25,25.27,49.26
908,908,45.4,76.13,63.84
909,909,34.51,93.05,69.63
910,910,16.71,56.24,40.43
911,911,75.49,90.56,84.53
912,912,57.53,14.16,31.51
913,913,55.3,21.37,34.94
914,914,80.96,79.61,80.15
915,915,29.77,90.63,66.29
916,916,20.03,80.9,56.55
917,917,66.69,35.46,47.95
918,918,76.04,49.52,60.13
919,919,23.92,0.02,9.58
920,920,57.79,12.72,30.75
921,921,62.26,96.89,83.04
922,922,86.31,36.0,56.12
923,923,6.21,68.85,43.79
924,924,86.35,35.87,56.06
925,925,80.08,63.78,70.3
926,926,80.78,6.7,36.33
927,927,69.87,87.89,80.68
928,928,50.71,45.48,47.57
929,929,96.63,6.1,42.31
930,930,71.23,8.98,33.88
931,931,5.31,1.04,2.75
932,932,42.41,53.77,49.23
933,933,61.39,89.15,78.05
934,934,95.36,83.11,88.01
935,935,28.62,92.89,67.18
936,936,12.8,94.36,61.74
937,937,81.85,56.74,66.78
938,938,7.19,66.55,42.81
939,939,64.79,65.34,65.12
940,940,18.92,50.66,37.96
941,941,84.18,98.24,92.62
942,942,44.15,90.81,72.15
943,943,58.74,9.21,29.02
944,944,82.21,11.69,39.9
945,945,73.15,93.28,85.23
946,946,79.38,22.32,45.14
947,947,21.64,33.01,28.46
948,948,8.4,16.07,13.0
949,949,33.83,59.1,48.99
950,950,42.14,89.15,70.35
951,951,69.53,18.15,38.7
952,952,95.15,80.67,86.46
953,953,16.86,34.4,27.38
954,954,32.5,78.75,60.25
955,955,65.02,46.3,53.79
956,956,13.36,27.87,22.07
957,957,66.72,57.22,61.02
958,958,14.74,18.39,16.93
959,959,12.67,93.7,61.29
960,960,53.72,13.46,29.56
961,961,85.19,89.84,87.98
962,962,93.25,81.18,86.01
963,963,53.2,92.96,77.06
964,964,54.54,22.95,35.59
965,965,35.71,58.7,49.5
966,966,26.35,98.16,69.44
967,967,60.52,59.35,59.82
968,968,6.95,34.92,23.73
969,969,84.14,99.54,93.38
970,970,27.22,59.67,46.69
971,971,13.64,54.45,38.13
972,972,15.42,18.27,17.13
973,973,69.57,11.54,34.75
974,974,84.39,21.15,46.45
975,975,54.57,50.34,52.03
976,976,96.19,90.28,92.64
977,977,37.98,93.81,71.48
978,978,38.76,58.14,50.39
979,979,60.78,88.44,77.38
980,980,74.3,30.17,47.82
981,981,17.16,98.42,65.92
982,982,32.25,34.68,33.71
983,983,22.88,98.16,68.05
984,984,39.48,75.88,61.32
985,985,42.68,70.77,59.53
986,986,88.67,74.4,80.11
987,987,1.93,74.31,45.36
988,988,57.37,19.66,34.74
989,989,90.14,13.51,44.16
990,990,60.95,46.42,52.23
991,991,67.45,42.89,52.71
992,992,49.72,50.39,50.12
993,993,28.0,44.74,38.04
994,994,15.12,63.76,44.3
995,995,41.86,14.11,25.21
996,996,59.71,86.58,75.83
997,997,62.21,62.8,62.56
998,998,65.44,75.55,71.51
999,999,2.21,42.47,26.37
1000,1000,67.04,90.31,81.0
1001,1001,43.85,61.48,54.43
1002,1002,48.02,4.36,21.82
1003,1003,74.98,34.29,50.57
1004,1004,41.18,81.4,65.31
1005,1005,70.22,39.09,51.54
1006,1006,3.2,80.63,49.66
1007,1007,5.66,36.53,24.18
1008,1008,31.48,91.23,67.33
1009,1009,34.59,66.52,53.75
1010,1010,9.89,56.3,37.74
1011,1011,0.35,44.95,27.11
1012,1012,51.68,83.34,70.68
1013,1013,31.13,27.72,29.08
1014,1014,34.16,40.52,37.98
1015,1015,23.9,3.55,11.69
1016,1016,57.95,32.37,42.6
1017,1017,29.34,58.43,46.79
1018,1018,6.96,42.63,28.36
1019,1019,51.07,74.78,65.3
1020,1020,46.26,82.47,67.99
1021,1021,71.63,13.59,36.81
1022,1022,2.81,96.07,58.77
1023,1023,84.8,50.81,64.41
1024,1024,51.24,70.15,62.59
1025,1025,51.84,18.2,31.66
1026,1026,99.29,99.7,99.54
1027,1027,6.77,23.01,16.51
1028,1028,19.52,81.93,56.97
1029,1029,16.38,96.83,64.65
1030,1030,28.63,77.11,57.72
1031,1031,32.84,5.52,16.45
1032,1032,33.87,95.39,70.78
1033,1033,99.5,7.13,44.08
1034,1034,3.39,40.35,25.57
1035,1035,50.42,2.6,21.73
1036,1036,64.91,78.63,73.14
1037,1037,24.15,33.43,29.72
1038,1038,98.84,7.3,43.92
1039,1039,49.37,17.33,30.15
1040,1040,60.32,59.88,60.06
1041,1041,13.83,31.84,24.64
1042,1042,85.38,89.33,87.75
1043,1043,40.14,79.28,63.62
1044,1044,7.09,98.01,61.64
1045,1045,43.65,11.38,24.29
1046,1046,90.07,32.66,55.62
1047,1047,38.89,5.94,19.12
1048,1048,13.31,37.08,27.57
1049,1049,53.18,54.34,53.88
1050,1050,80.03,77.08,78.26
1051,1051,70.86,16.06,37.98
1052,1052,64.65,2.21,27.19
1053,1053,83.75,27.32,49.89
1054,1054,39.18,77.35,62.08
1055,1055,50.32,83.64,70.31
1056,1056,3.25,72.12,44.57
1057,1057,51.77,94.34,77.31
1058,1058,36.64,35.52,35.97
1059,1059,38.55,28.08,32.27
1060,1060,21.37,49.76,38.4
1061,1061,94.51,23.22,51.74
1062,1062,35.24,31.74,33.14
1063,1063,21.05,30.16,26.52
1064,1064,6.31,82.0,51.72
1065,1065,3.16,64.44,39.93
1066,1066,24.22,89.88,63.62
1067,1067,7.79,46.95,31.29
1068,1068,66.66,78.85,73.97
1069,1069,76.67,26.16,46.36
1070,1070,5.75,47.49,30.79
1071,1071,62.93,75.37,70.39
1072,1072,87.59,18.06,45.87
1073,1073,25.59,82.94,60.0
1074,1074,75.0,70.78,72.47
1075,1075,33.22,73.21,57.21
1076,1076,23.89,21.2,22.28
1077,1077,19.87,86.02,59.56
1078,1078,45.45,54.34,50.78
1079,1079,17.08,97.54,65.36
1080,1080,83.4,45.63,60.74
1081,1081,76.54,57.7,65.24
1082,1082,35.08,19.79,25.91
1083,1083,9.86,43.51,30.05
1084,1084,62.78,25.31,40.3
1085,1085,33.04,83.19,63.13
1086,1086,23.97,32.58,29.14
1087,1087,50.85,55.91,53.89
1088,1088,37.67,43.74,41.31
1089,1089,61.43,10.3,30.75
1090,1090,9.47,63.39,41.82
1091,1091,71.81,25.07,43.77
1092,1092,91.26,26.58,52.45
1093,1093,69.71,58.68,63.09
1094,1094,93.7,58.29,72.45
1095,1095,7.7,32.91,22.83
1096,1096,24.2,9.39,15.31
1097,1097,82.23,45.94,60.46
1098,1098,56.59,65.66,62.03
1099,1099,45.63,70.28,60.42
1100,1100,33.67,36.64,35.45
1101,1101,61.42,5.58,27.92
1102,1102,90.48,27.75,52.84
1103,1103,93.17,84.21,87.79
1104,1104,98.4,9.92,45.31
1105,1105,44.54,34.47,38.5
1106,1106,10.16,89.06,57.5
1107,1107,77.94,15.74,40.62
1108,1108,65.16,70.67,68.47
1109,1109,87.7,43.41,61.13
1110,1110,91.21,0.16,36.58
1111,1111,41.1,20.54,28.76
1112,1112,87.84,96.29,92.91
1113,1113,5.55,9.86,8.14
1114,1114,17.62,89.79,60.92
1115,1115,33.51,25.34,28.61
1116,1116,85.81,98.98,93.71
1117,1117,94.83,99.93,97.89
1118,1118,90.79,59.58,72.06
1119,1119,55.29,64.22,60.65
1120,1120,76.04,37.8,53.1
1121,1121,85.35,97.04,92.36
1122,1122,11.47,76.52,50.5
1123,1123,89.13,38.94,59.02
1124,1124,20.86,90.1,62.4
1125,1125,32.79,72.21,56.44
1126,1126,26.81,80.89,59.26
1127,1127,25.58,37.15,32.52
1128,1128,44.14,52.03,48.87
1129,1129,66.47,90.93,81.15
1130,1130,24.61,18.77,21.11
1131,1131,61.29,90.11,78.58
1132,1132,18.41,75.22,52.5
1133,1133,31.84,0.93,13.29
1134,1134,47.53,90.94,73.58
1135,1135,72.77,96.96,87.28
1136,1136,49.89,4.0,22.36
1137,1137,35.28,55.72,47.54
1138,1138,60.15,89.93,78.02
1139,1139,44.54,67.51,58.32
1140,1140,58.52,30.3,41.59
1141,1141,85.2,58.78,69.35
1142,1142,13.5,63.92,43.75
1143,1143,25.2,10.13,16.16
1144,1144,81.46,61.88,69.71
1145,1145,32.28,75.23,58.05
1146,1146,30.33,29.71,29.96
1147,1147,9.6,92.29,59.21
1148,1148,42.74,88.36,70.11
1149,1149,57.61,62.38,60.47
1150,1150,82.11,67.21,73.17
1151,1151,13.04,15.64,14.6
1152,1152,2.96,37.48,23.67
1153,1153,36.72,6.65,18.68
1154,1154,96.62,83.05,88.48
1155,1155,99.83,44.08,66.38
1156,1156,64.11,58.7,60.86
1157,1157,27.98,67.61,51.76
1158,1158,59.08,69.47,65.31
1159,1159,21.69,17.97,19.46
1160,1160,8.26,6.65,7.29
1161,1161,24.68,88.56,63.01
1162,1162,78.64,18.69,42.67
1163,1163,54.76,9.21,27.43
1164,1164,52.78,12.41,28.56
1165,1165,87.18,44.21,61.4
1166,1166,37.53,84.26,65.57
1167,1167,16.54,68.58,47.76
1168,1168,28.67,35.88,33.0
1169,1169,81.72,51.07,63.33
1170,1170,77.04,79.32,78.41
1171,1171,94.26,62.66,75.3
1172,1172,91.63,43.37,62.67
1173,1173,96.42,74.14,83.05
1174,1174,31.02,4.13,14.89
1175,1175,23.58,81.67,58.43
1176,1176,55.73,46.23,50.03
1177,1177,59.06,16.44,33.49
1178,1178,87.23,8.32,39.88
1179,1179,6.69,22.73,16.31
1180,1180,99.85,21.99,53.13
1181,1181,51.38,23.27,34.51
1182,1182,61.86,50.82,55.24
1183,1183,62.31,69.94,66.89
1184,1184,92.41,93.74,93.21
1185,1185,30.22,8.08,16.94
1186,1186,98.32,34.59,60.08
1187,1187,50.02,19.92,31.96
1188,1188,66.69,47.29,55.05
1189,1189,93.19,66.28,77.04
1190,1190,97.66,7.22,43.4
1191,1191,19.39,83.85,58.07
1192,1192,48.56,81.59,68.38
1193,1193,34.37,71.91,56.89
1194,1194,72.11,2.06,30.08
1195,1195,7.06,93.35,58.83
1196,1196,22.25,24.19,23.41
1197,1197,27.04,26.98,27.0
1198,1198,89.81,88.48,89.01
1199,1199,69.94,56.51,61.88
1200,1200,46.03,97.83,77.11
1201,1201,73.41,76.92,75.52
1202,1202,92.13,83.61,87.02
1203,1203,76.01,27.5,46.9
1204,1204,61.7,80.69,73.09
1205,1205,49.71,98.08,78.73
1206,1206,23.58,30.0,27.43
1207,1207,43.43,10.25,23.52
1208,1208,19.88,95.22,65.08
1209,1209,32.9,9.84,19.06
1210,1210,65.56,61.72,63.26
1211,1211,44.55,42.05,43.05
1212,1212,22.42,85.35,60.18
1213,1213,47.91,79.23,66.7
1214,1214,59.43,5.47,27.05
1215,1215,25.83,62.12,47.6
1216,1216,46.61,95.97,76.23
1217,1217,80.95,10.77,38.84
1218,1218,90.66,76.04,81.89
1219,1219,95.61,47.02,66.46
1220,1220,84.85,75.8,79.42
1221,1221,31.09,2.02,13.65
1222,1222,22.01,97.19,67.12
1223,1223,23.9,3.31,11.55
1224,1224,58.58,37.85,46.14
1225,1225,56.56,19.61,34.39
1226,1226,15.96,14.02,14.8
1227,1227,46.89,57.03,52.97
1228,1228,39.11,19.86,27.56
1229,1229,15.6,51.45,37.11
1230,1230,76.28,22.82,44.2
1231,1231,37.43,13.17,22.87
1232,1232,39.27,64.68,54.52
1233,1233,64.09,82.28,75.0
1234,1234,80.36,72.57,75.69
1235,1235,97.6,94.53,95.76
1236,1236,83.07,52.49,64.72
1237,1237,88.81,94.01,91.93
1238,1238,80.56,36.83,54.32
1239,1239,78.47,4.51,34.09
1240,1240,64.99,38.94,49.36
1241,1241,29.58,26.31,27.62
1242,1242,97.53,90.99,93.61
1243,1243,82.89,6.79,37.23
1244,1244,23.09,14.25,17.79
1245,1245,35.3,97.45,72.59
1246,1246,10.16,58.59,39.22
1247,1247,54.12,19.31,33.23
1248,1248,12.71,50.82,35.58
1249,1249,20.86,45.82,35.84
1250,1250,0.96,88.28,53.35
1251,1251,46.49,16.08,28.24
1252,1252,44.57,34.76,38.68
1253,1253,11.15,89.67,58.26
1254,1254,29.7,90.75,66.33
1255,1255,97.73,70.94,81.66
1256,1256,11.67,20.0,16.67
1257,1257,56.59,39.07,46.08
1258,1258,65.91,69.33,67.96
1259,1259,93.78,73.34,81.52
1260,1260,87.62,15.4,44.29
1261,1261,64.69,16.65,35.87
1262,1262,74.46,40.66,54.18
1263,1263,87.67,37.52,57.58
1264,1264,32.92,31.62,32.14
1265,1265,44.43,97.77,76.43
1266,1266,92.86,90.79,91.62
1267,1267,31.77,14.76,21.56
1268,1268,30.58,82.62,61.8
1269,1269,74.15,68.41,70.71
1270,1270,51.16,67.0,60.66
1271,1271,95.05,86.17,89.72
1272,1272,81.76,59.18,68.21
1273,1273,63.54,3.42,27.47
1274,1274,82.64,48.15,61.95
1275,1275,14.43,40.18,29.88
1276,1276,24.14,34.96,30.63
1277,1277,94.57,22.61,51.39
1278,1278,8.06,44.23,29.76
1279,1279,30.61,15.17,21.35
1280,1280,16.6,11.75,13.69
1281,1281,79.01,29.75,49.45
1282,1282,60.74,84.18,74.8
1283,1283,54.79,17.86,32.63
1284,1284,40.15,90.78,70.53
1285,1285,55.07,87.89,74.76
1286,1286,13.34,99.44,65.0
1287,1287,17.97,66.44,47.05
1288,1288,5.91,36.63,24.34
1289,1289,83.71,96.36,91.3
1290,1290,2.83,13.56,9.27
1291,1291,98.4,96.06,97.0
1292,1292,41.68,75.87,62.19
1293,1293,30.21,60.05,48.11
1294,1294,23.9,43.41,35.61
1295,1295,64.66,4.41,28.51
1296,1296,3.24,48.91,30.64
1297,1297,28.62,45.12,38.52
1298,1298,55.78,45.96,49.89
1299,1299,54.09,61.56,58.57
1300,1300,77.75,3.96,33.48
1301,1301,98.45,33.7,59.6
1302,1302,42.41,2.47,18.45
1303,1303,64.85,2.88,27.67
1304,1304,63.77,21.16,38.2
1305,1305,22.32,7.08,13.18
1306,1306,58.62,20.33,35.65
1307,1307,61.92,86.22,76.5
1308,1308,79.18,23.1,45.53
1309,1309,23.15,16.61,19.23
1310,1310,46.76,44.9,45.64
1311,1311,44.89,96.82,76.05
1312,1312,61.34,96.87,82.66
1313,1313,81.32,19.65,44.32
1314,1314,91.06,88.73,89.66
1315,1315,4.39,98.55,60.89
1316,1316,61.72,53.55,56.82
1317,1317,59.58,20.46,36.11
1318,1318,63.0,82.74,74.84
1319,1319,28.89,53.04,43.38
1320,1320,45.14,13.0,25.86
1321,1321,13.22,24.55,20.02
1322,1322,48.91,38.76,42.82
1323,1323,85.25,4.94,37.06
1324,1324,15.92,64.26,44.92
1325,1325,10.76,78.93,51.66
1326,1326,3.07,18.2,12.15
1327,1327,40.95,51.45,47.25
1328,1328,92.48,26.24,52.74
1329,1329,4.65,20.24,14.0
1330,1330,91.94,27.84,53.48
1331,1331,71.62,33.59,48.8
1332,1332,17.9,21.19,19.87
1333,1333,52.43,53.61,53.14
1334,1334,94.18,20.95,50.24
1335,1335,18.4,16.25,17.11
1336,1336,99.33,38.37,62.75
1337,1337,7.55,98.19,61.93
1338,1338,22.47,91.79,64.06
1339,1339,48.97,9.79,25.46
1340,1340,55.66,99.64,82.05
1341,1341,3.59,65.13,40.51
1342,1342,75.97,52.8,62.07
1343,1343,59.3,9.04,29.14
1344,1344,8.35,3.77,5.6
1345,1345,87.94,9.29,40.75
1346,1346,86.16,0.54,34.79
1347,1347,33.32,34.27,33.89
1348,1348,27.23,7.6,15.45
1349,1349,82.73,60.9,69.63
1350,1350,27.32,39.47,34.61
1351,1351,44.27,99.59,77.46
1352,1352,29.55,16.09,21.47
1353,1353,24.92,68.84,51.27
1354,1354,55.57,81.57,71.17
1355,1355,25.54,7.17,14.52
1356,1356,53.04,9.51,26.92
1357,1357,97.99,65.12,78.27
1358,1358,39.3,71.28,58.49
1359,1359,8.9,36.69,25.57
1360,1360,21.1,73.49,52.53
1361,1361,61.37,34.24,45.09
1362,1362,51.45,29.3,38.16
1363,1363,80.91,4.86,35.28
1364,1364,61.52,12.0,31.81
1365,1365,85.41,51.03,64.78
1366,1366,38.94,48.99,44.97
1367,1367,14.4,30.03,23.78
1368,1368,76.85,66.31,70.53
1369,1369,18.49,38.34,30.4
1370,1370,59.52,87.8,76.49
1371,1371,42.41,64.93,55.92
1372,1372,18.39,75.98,52.94
1373,1373,87.6,29.29,52.61
1374,1374,76.33,29.08,47.98
1375,1375,27.85,69.65,52.93
1376,1376,40.29,89.17,69.62
1377,1377,63.16,91.92,80.42
1378,1378,90.0,83.0,85.8
1379,1379,60.04,92.73,79.65
1380,1380,38.56,4.56,18.16
1381,1381,79.15,78.98,79.05
1382,1382,21.07,74.54,53.15
1383,1383,96.0,15.2,47.52
1384,1384,98.87,37.47,62.03
1385,1385,20.91,33.59,28.52
1386,1386,68.32,77.84,74.03
1387,1387,3.91,72.47,45.05
1388,1388,13.0,10.51,11.51
1389,1389,2.88,5.61,4.52
1390,1390,89.55,54.52,68.53
1391,1391,90.62,40.39,60.48
1392,1392,13.77,39.17,29.01
1393,1393,59.78,39.53,47.63
1394,1394,17.7,49.43,36.74
1395,1395,8.84,78.14,50.42
1396,1396,5.6,47.57,30.78
1397,1397,44.78,24.09,32.37
1398,1398,26.45,10.62,16.95
1399,1399,11.28,22.23,17.85
1400,1400,71.6,93.7,84.86
1401,1401,10.62,77.19,50.56
1402,1402,52.6,2.97,22.82
1403,1403,69.15,42.8,53.34
1404,1404,24.49,7.34,14.2
1405,1405,95.71,70.88,80.81
1406,1406,44.23,75.7,63.11
1407,1407,84.64,2.03,35.07
1408,1408,5.92,22.54,15.89
1409,1409,79.03,42.15,56.9
1410,1410,51.32,45.81,48.01
1411,1411,41.38,50.97,47.13
1412,1412,30.5,27.16,28.5
1413,1413,71.7,30.68,47.09
1414,1414,4.93,94.88,58.9
1415,1415,74.06,62.38,67.05
1416,1416,25.62,67.53,50.77
1417,1417,35.67,50.81,44.75
1418,1418,76.25,45.05,57.53
1419,1419,26.32,57.45,45.0
1420,1420,90.62,12.29,43.62
1421,1421,12.33,95.4,62.17
1422,1422,97.77,6.5,43.01
1423,1423,66.25,20.85,39.01
1424,1424,55.16,73.48,66.15
1425,1425,30.15,69.5,53.76
1426,1426,13.44,10.38,11.6
1427,1427,1.76,15.87,10.23
1428,1428,92.68,77.81,83.76
1429,1429,62.44,84.18,75.48
1430,1430,99.06,1.71,40.65
1431,1431,37.83,70.8,57.61
1432,1432,59.49,55.61,57.16
1433,1433,81.87,67.33,73.15
1434,1434,49.16,24.27,34.23
1435,1435,11.39,91.96,59.73
1436,1436,75.6,97.41,88.69
1437,1437,35.49,50.19,44.31
1438,1438,71.97,16.61,38.75
1439,1439,28.2,91.06,65.92
1440,1440,40.45,44.27,42.74
1441,1441,21.39,25.01,23.56
1442,1442,34.77,61.57,50.85
1443,1443,19.99,4.72,10.83
1444,1444,47.3,27.96,35.7
1445,1445,18.46,28.92,24.74
1446,1446,63.64,28.6,42.62
1447,1447,77.53,80.7,79.43
1448,1448,68.5,12.8,35.08
1449,1449,0.01,36.54,21.93
1450,1450,65.71,92.28,81.65
1451,1451,52.23,74.87,65.81
1452,1452,7.19,63.05,40.71
1453,1453,15.43,17.35,16.58
1454,1454,81.68,0.89,33.21
1455,1455,34.32,87.02,65.94
1456,1456,56.24,31.15,41.19
1457,1457,64.18,17.33,36.07
1458,1458,64.83,26.61,41.9
1459,1459,34.53,48.54,42.94
1460,1460,26.14,62.24,47.8
1461,1461,33.11,9.07,18.69
1462,1462,44.97,45.79,45.46
1463,1463,33.7,33.13,33.36
1464,1464,5.9,1.16,3.06
1465,1465,7.44,97.5,61.48
1466,1466,60.05,10.58,30.37
1467,1467,34.56,14.36,22.44
1468,1468,30.04,31.98,31.2
1469,1469,13.05,68.6,46.38
1470,1470,97.57,32.75,58.68
1471,1471,34.86,21.42,26.8
1472,1472,68.12,46.58,55.2
1473,1473,21.54,69.59,50.37
1474,1474,36.84,18.65,25.93
1475,1475,97.79,47.85,67.83
1476,1476,25.48,45.3,37.37
1477,1477,77.23,42.89,56.63
1478,1478,25.89,58.56,45.49
1479,1479,15.87,51.44,37.21
1480,1480,79.12,24.9,46.59
1481,1481,58.39,34.36,43.97
1482,1482,92.9,36.98,59.35
1483,1483,82.46,34.05,53.41
1484,1484,83.97,19.13,45.07
1485,1485,65.59,17.41,36.68
1486,1486,33.99,90.62,67.97
1487,1487,1.92,7.53,5.29
1488,1488,47.23,86.96,71.07
1489,1489,89.21,79.53,83.4
1490,1490,51.96,47.38,49.21
1491,1491,55.56,96.07,79.87
1492,1492,93.11,11.75,44.29
1493,1493,38.92,22.81,29.25
1494,1494,65.32,13.98,34.52
1495,1495,98.92,49.16,69.06
1496,1496,7.2,83.01,52.69
1497,1497,30.9,79.55,60.09
1498,1498,73.74,70.29,71.67
1499,1499,61.33,74.12,69.0
1500,1500,56.72,86.2,74.41
1501,1501,77.36,80.47,79.23
1502,1502,48.5,99.55,79.13
1503,1503,38.04,21.67,28.22
1504,1504,1.76,74.53,45.42
1505,1505,33.48,82.37,62.81
1506,1506,88.43,60.02,71.38
1507,1507,85.88,49.35,63.96
1508,1508,22.21,65.0,47.88
1509,1509,17.84,87.12,59.41
1510,1510,73.82,40.28,53.7
1511,1511,28.01,11.84,18.31
1512,1512,15.61,65.12,45.32
1513,1513,60.65,52.72,55.89
1514,1514,46.88,11.41,25.6
1515,1515,91.62,63.73,74.89
1516,1516,11.69,67.09,44.93
1517,1517,57.71,8.62,28.26
1518,1518,11.85,35.5,26.04
1519,1519,27.54,83.61,61.18
1520,1520,21.73,62.19,46.01
1521,1521,67.76,99.05,86.53
1522,1522,10.29,5.38,7.34
1523,1523,60.68,59.4,59.91
1524,1524,92.58,76.36,82.85
1525,1525,36.14,84.5,65.16
1526,1526,42.18,63.05,54.7
1527,1527,91.07,35.0,57.43
1528,1528,15.26,62.85,43.81
1529,1529,70.57,27.12,44.5
1530,1530,49.52,72.56,63.34
1531,1531,27.16,79.75,58.71
1532,1532,2.57,80.69,49.44
1533,1533,72.82,60.03,65.15
1534,1534,95.5,94.34,94.8
1535,1535,99.88,30.63,58.33
1536,1536,83.23,65.86,72.81
1537,1537,57.61,0.37,23.27
1538,1538,7.81,26.39,18.96
1539,1539,63.23,62.47,62.77
1540,1540,36.2,77.53,61.0
1541,1541,96.1,32.89,58.17
1542,1542,35.0,16.11,23.67
1543,1543,84.2,42.0,58.88
1544,1544,99.01,6.35,43.41
1545,1545,96.61,28.96,56.02
1546,1546,52.19,26.97,37.06
1547,1547,17.75,56.31,40.89
1548,1548,77.27,7.35,35.32
1549,1549,39.11,32.52,35.16
1550,1550,56.61,95.81,80.13
1551,1551,61.49,93.22,80.53
1552,1552,61.26,92.93,80.26
1553,1553,36.66,0.38,14.89
1554,1554,77.9,65.89,70.69
1555,1555,75.21,95.42,87.34
1556,1556,81.6,85.69,84.05
1557,1557,57.84,13.79,31.41
1558,1558,93.62,40.63,61.83
1559,1559,5.96,18.33,13.38
1560,1560,8.27,66.84,43.41
1561,1561,96.53,98.33,97.61
1562,1562,50.76,0.09,20.36
1563,1563,37.09,57.74,49.48
1564,1564,88.74,93.31,91.48
1565,1565,21.54,6.09,12.27
1566,1566,4.46,74.06,46.22
1567,1567,16.45,92.15,61.87
1568,1568,21.76,44.85,35.61
1569,1569,19.56,59.83,43.72
1570,1570,60.48,66.96,64.37
1571,1571,97.09,14.28,47.4
1572,1572,73.63,87.85,82.16
1573,1573,58.69,9.73,29.31
1574,1574,9.97,57.04,38.21
1575,1575,23.73,33.7,29.71
1576,1576,4.51,55.39,35.04
1577,1577,59.63,78.86,71.17
1578,1578,99.49,9.51,45.5
1579,1579,66.38,23.67,40.75
1580,1580,34.15,21.67,26.66
1581,1581,73.88,75.37,74.77
1582,1582,65.29,29.02,43.53
1583,1583,91.3,31.06,55.16
1584,1584,34.32,68.93,55.09
1585,1585,91.42,39.09,60.02
1586,1586,25.75,82.9,60.04
1587,1587,35.16,25.58,29.41
1588,1588,89.67,45.69,63.28
1589,1589,18.11,60.6,43.6
1590,1590,2.56,63.42,39.08
1591,1591,31.85,81.91,61.89
1592,1592,86.11,28.71,51.67
1593,1593,99.79,10.06,45.95
1594,1594,55.5,38.03,45.02
1595,1595,74.5,95.82,87.29
1596,1596,2.55,50.96,31.6
1597,1597,61.98,80.71,73.22
1598,1598,20.81,24.42,22.98
1599,1599,29.99,8.71,17.22
1600,1600,26.74,72.7,54.32
1601,1601,17.05,74.92,51.77
1602,1602,72.72,34.94,50.05
1603,1603,12.46,34.12,25.46
1604,1604,39.5,36.96,37.98
1605,1605,64.48,25.82,41.28
1606,1606,97.37,96.93,97.11
1607,1607,94.32,12.53,45.25
1608,1608,30.24,49.84,42.0
1609,1609,87.03,76.71,80.84
1610,1610,24.22,23.62,23.86
1611,1611,0.32,28.72,17.36
1612,1612,77.26,78.05,77.73
1613,1613,14.85,54.68,38.75
1614,1614,39.89,72.53,59.47
1615,1615,66.18,21.24,39.22
1616,1616,42.73,76.71,63.12
1617,1617,82.94,88.79,86.45
1618,1618,1.38,74.52,45.26
1619,1619,64.05,93.58,81.77
1620,1620,56.13,69.97,64.43
1621,1621,32.64,99.82,72.95
1622,1622,91.6,69.64,78.42
1623,1623,2.2,30.86,19.4
1624,1624,93.64,92.64,93.04
1625,1625,98.1,95.76,96.7
1626,1626,13.45,76.85,51.49
1627,1627,98.9,72.23,82.9
1628,1628,2.11,50.96,31.42
1629,1629,10.65,7.19,8.57
1630,1630,37.92,89.24,68.71
1631,1631,87.28,44.21,61.44
1632,1632,69.0,20.28,39.77
1633,1633,20.0,30.7,26.42
1634,1634,90.64,39.12,59.73
1635,1635,94.14,21.66,50.65
1636,1636,31.95,15.45,22.05
1637,1637,67.9,84.72,77.99
1638,1638,67.17,60.83,63.37
1639,1639,38.69,24.09,29.93
1640,1640,96.31,60.81,75.01
1641,1641,8.54,96.6,61.38
1642,1642,97.85,52.72,70.77
1643,1643,67.66,54.97,60.05
1644,1644,59.51,56.94,57.97
1645,1645,62.69,43.45,51.15
1646,1646,59.18,7.58,28.22
1647,1647,92.5,44.16,63.5
1648,1648,83.64,98.07,92.3
1649,1649,97.85,67.87,79.86
1650,1650,63.36,29.78,43.21
1651,1651,53.23,76.86,67.41
1652,1652,53.57,71.26,64.18
1653,1653,27.64,21.33,23.85
1654,1654,62.84,37.71,47.76
1655,1655,80.28,99.88,92.04
1656,1656,33.9,89.84,67.46
1657,1657,45.98,84.23,68.93
1658,1658,81.23,68.7,73.71
1659,1659,78.92,93.22,87.5
1660,1660,21.2,49.24,38.02
1661,1661,55.85,29.83,40.24
1662,1662,3.88,86.53,53.47
1663,1663,15.87,4.18,8.86
1664,1664,43.37,21.36,30.16
1665,1665,42.67,51.27,47.83
1666,1666,49.03,87.56,72.15
1667,1667,20.44,34.33,28.77
1668,1668,51.04,65.36,59.63
1669,1669,33.19,76.59,59.23
1670,1670,55.54,34.79,43.09
1671,1671,50.16,82.78,69.73
1672,1672,38.2,30.27,33.44
1673,1673,81.98,13.25,40.74
1674,1674,90.72,52.91,68.03
1675,1675,29.13,20.11,23.72
1676,1676,69.23,31.04,46.32
1677,1677,41.13,14.39,25.09
1678,1678,45.53,18.89,29.55
1679,1679,23.66,73.93,53.82
1680,1680,53.82,22.9,35.27
1681,1681,38.83,13.56,23.67
1682,1682,18.19,21.92,20.43
1683,1683,79.43,72.17,75.07
1684,1684,66.03,92.22,81.74
1685,1685,55.35,17.76,32.8
1686,1686,2.71,6.94,5.25
1687,1687,83.16,54.77,66.13
1688,1688,9.26,84.48,54.39
1689,1689,20.45,33.4,28.22
1690,1690,61.45,29.66,42.38
1691,1691,84.95,80.87,82.5
1692,1692,80.99,47.28,60.76
1693,1693,43.55,83.34,67.42
1694,1694,84.89,47.78,62.62
1695,1695,6.08,84.79,53.31
1696,1696,2.72,36.69,23.1
1697,1697,98.34,13.1,47.2
1698,1698,2.78,75.78,46.58
1699,1699,29.77,59.82,47.8
1700,1700,61.83,41.61,49.7
1701,1701,43.66,51.8,48.54
1702,1702,32.55,33.53,33.14
1703,1703,47.21,12.28,26.25
1704,1704,90.34,94.43,92.79
1705,1705,77.22,67.35,71.3
1706,1706,14.95,3.75,8.23
1707,1707,52.22,41.7,45.91
1708,1708,3.89,45.68,28.96
1709,1709,94.92,62.4,75.41
1710,1710,69.17,63.72,65.9
1711,1711,52.87,91.72,76.18
1712,1712,61.08,10.81,30.92
1713,1713,27.16,23.5,24.96
1714,1714,80.36,11.9,39.28
1715,1715,84.55,2.16,35.12
1716,1716,39.41,60.05,51.79
1717,1717,86.31,57.54,69.05
1718,1718,81.2,53.86,64.8
1719,1719,79.94,59.98,67.96
1720,1720,3.69,43.09,27.33
1721,1721,10.93,18.03,15.19
1722,1722,39.14,60.64,52.04
1723,1723,99.76,75.23,85.04
1724,1724,25.05,61.56,46.96
1725,1725,15.22,78.15,52.98
1726,1726,32.91,6.39,17.0
1727,1727,21.3,97.38,66.95
1728,1728,12.77,75.08,50.16
1729,1729,92.04,94.37,93.44
1730,1730,81.45,43.22,58.51
1731,1731,83.99,59.82,69.49
1732,1732,91.03,64.74,75.26
1733,1733,23.8,61.34,46.32
1734,1734,33.43,4.32,15.96
1735,1735,96.25,32.25,57.85
1736,1736,39.11,62.79,53.32
1737,1737,58.77,46.46,51.38
1738,1738,62.54,8.23,29.95
1739,1739,36.53,17.68,25.22
1740,1740,65.31,70.56,68.46
1741,1741,59.35,54.2,56.26
1742,1742,83.69,50.5,63.78
1743,1743,69.14,56.12,61.33
1744,1744,19.22,96.35,65.5
1745,1745,95.91,87.07,90.61
1746,1746,42.29,32.98,36.7
1747,1747,0.37,86.69,52.16
1748,1748,34.91,0.07,14.01
1749,1749,74.07,93.09,85.48
1750,1750,41.51,36.52,38.52
1751,1751,2.33,71.82,44.02
1752,1752,51.25,67.92,61.25
1753,1753,4.7,41.69,26.89
1754,1754,89.44,46.68,63.78
1755,1755,57.38,98.89,82.29
1756,1756,88.81,43.93,61.88
1757,1757,52.41,91.46,75.84
1758,1758,32.53,18.66,24.21
1759,1759,58.79,4.25,26.07
1760,1760,96.62,5.47,41.93
1761,1761,67.46,63.05,64.81
1762,1762,35.74,6.52,18.21
1763,1763,92.4,20.45,49.23
1764,1764,9.16,36.42,25.52
1765,1765,59.05,72.43,67.08
1766,1766,60.93,16.39,34.21
1767,1767,51.99,67.55,61.33
1768,1768,62.44,24.25,39.53
1769,1769,78.12,26.99,47.44
1770,1770,63.72,10.61,31.85
1771,1771,52.73,47.11,49.36
1772,1772,79.05,5.04,34.64
1773,1773,17.21,60.21,43.01
1774,1774,82.74,73.07,76.94
1775,1775,58.65,16.32,33.25
1776,1776,23.78,63.36,47.53
1777,1777,32.25,0.58,13.25
1778,1778,16.06,79.67,54.23
1779,1779,8.77,75.14,48.59
1780,1780,60.1,79.58,71.79
1781,1781,7.74,86.48,54.98
1782,1782,46.03,10.9,24.95
1783,1783,37.25,79.48,62.59
1784,1784,62.8,34.44,45.78
1785,1785,71.63,78.46,75.73
1786,1786,76.9,92.6,86.32
1787,1787,38.12,10.93,21.81
1788,1788,16.54,27.11,22.88
1789,1789,47.53,31.82,38.1
1790,1790,91.89,51.58,67.7
1791,1791,85.76,12.96,42.08
1792,1792,78.61,17.02,41.66
1793,1793,99.17,99.22,99.2
1794,1794,55.18,12.56,29.61
1795,1795,26.79,45.95,38.29
1796,1796,21.83,9.17,14.23
1797,1797,35.87,74.32,58.94
1798,1798,52.76,42.85,46.81
1799,1799,11.75,64.87,43.62
1800,1800,98.86,77.23,85.88
1801,1801,10.38,71.19,46.87
1802,1802,50.17,25.19,35.18
1803,1803,21.14,50.25,38.61
1804,1804,23.15,74.13,53.74
1805,1805,79.78,76.51,77.82
1806,1806,46.79,33.79,38.99
1807,1807,64.65,99.07,85.3
1808,1808,34.8,31.01,32.53
1809,1809,79.17,93.63,87.85
1810,1810,31.26,52.53,44.02
1811,1811,13.96,0.18,5.69
1812,1812,70.8,42.46,53.8
1813,1813,13.62,57.86,40.16
1814,1814,75.65,18.39,41.29
1815,1815,94.59,34.57,58.58
1816,1816,94.88,65.25,77.1
1817,1817,74.19,50.83,60.17
1818,1818,79.43,28.16,48.67
1819,1819,92.75,87.42,89.55
1820,1820,9.77,22.88,17.64
1821,1821,52.17,50.42,51.12
1822,1822,9.0,33.77,23.86
1823,1823,96.65,70.62,81.03
1824,1824,27.7,46.39,38.91
1825,1825,44.37,24.27,32.31
1826,1826,6.28,92.45,57.98
1827,1827,52.25,96.01,78.51
1828,1828,56.2,93.73,78.72
1829,1829,7.04,0.85,3.33
1830,1830,1.23,39.22,24.02
1831,1831,76.76,89.98,84.69
1832,1832,43.42,50.01,47.37
1833,1833,1.52,76.28,46.38
1834,1834,71.58,43.59,54.79
1835,1835,43.71,61.6,54.44
1836,1836,34.09,87.68,66.24
1837,1837,70.84,33.08,48.18
1838,1838,14.29,91.59,60.67
1839,1839,80.8,82.91,82.07
1840,1840,50.06,70.93,62.58
1841,1841,39.05,54.21,48.15
1842,1842,88.49,95.58,92.74
1843,1843,73.06,22.11,42.49
1844,1844,96.18,71.62,81.44
1845,1845,20.16,19.75,19.91
1846,1846,48.39,37.1,41.62
1847,1847,51.41,71.86,63.68
1848,1848,62.99,86.86,77.31
1849,1849,9.08,33.64,23.82
1850,1850,56.3,25.49,37.81
1851,1851,8.04,47.07,31.46
1852,1852,25.23,79.62,57.86
1853,1853,42.1,64.45,55.51
1854,1854,99.97,90.87,94.51
1855,1855,79.73,76.68,77.9
1856,1856,19.59,15.75,17.29
1857,1857,57.84,94.61,79.9
1858,1858,85.01,86.2,85.72
1859,1859,93.92,91.61,92.53
1860,1860,63.65,97.85,84.17
1861,1861,13.45,58.82,40.67
1862,1862,76.84,79.55,78.47
1863,1863,39.13,26.07,31.29
1864,1864,31.68,29.12,30.14
1865,1865,35.84,49.87,44.26
1866,1866,84.15,40.33,57.86
1867,1867,58.45,72.72,67.01
1868,1868,86.66,72.36,78.08
1869,1869,44.44,27.26,34.13
1870,1870,99.98,76.63,85.97
1871,1871,20.27,17.18,18.42
1872,1872,95.75,98.83,97.6
1873,1873,87.45,59.79,70.85
1874,1874,21.02,36.95,30.58
1875,1875,97.01,96.47,96.69
1876,1876,38.17,11.96,22.44
1877,1877,38.96,87.02,67.8
1878,1878,16.52,63.57,44.75
1879,1879,88.55,23.27,49.38
1880,1880,52.47,94.88,77.92
1881,1881,50.97,40.15,44.48
1882,1882,65.02,66.2,65.73
1883,1883,69.85,0.83,28.44
1884,1884,16.4,35.42,27.81
1885,1885,88.98,41.05,60.22
1886,1886,52.19,82.24,70.22
1887,1887,67.6,27.51,43.55
1888,1888,48.14,20.66,31.65
1889,1889,73.8,23.63,43.7
1890,1890,66.17,96.75,84.52
1891,1891,75.15,79.04,77.48
1892,1892,52.66,99.65,80.85
1893,1893,18.02,97.66,65.8
1894,1894,46.91,24.7,33.58
1895,1895,86.97,45.69,62.2
1896,1896,87.0,45.34,62.0
1897,1897,99.82,70.46,82.2
1898,1898,12.38,95.99,62.55
1899,1899,78.1,26.42,47.09
1900,1900,21.52,6.32,12.4
1901,1901,92.03,80.84,85.32
1902,1902,47.41,54.87,51.89
1903,1903,47.07,85.63,70.21
1904,1904,77.36,84.28,81.51
1905,1905,44.87,63.15,55.84
1906,1906,66.52,29.88,44.54
1907,1907,0.42,13.18,8.08
1908,1908,49.68,48.31,48.86
1909,1909,32.97,41.13,37.87
1910,1910,10.59,15.3,13.42
1911,1911,31.62,25.73,28.09
1912,1912,52.37,22.43,34.41
1913,1913,50.54,57.5,54.72
1914,1914,2.13,44.41,27.5
1915,1915,18.58,72.39,50.87
1916,1916,84.88,46.6,61.91
1917,1917,92.72,25.98,52.68
1918,1918,3.84,69.76,43.39
1919,1919,12.84,30.61,23.5
1920,1920,6.71,82.68,52.29
1921,1921,10.09,21.81,17.12
1922,1922,11.93,46.28,32.54
1923,1923,5.71,50.12,32.36
1924,1924,83.14,39.76,57.11
1925,1925,97.04,96.45,96.69
1926,1926,9.69,30.36,22.09
1927,1927,42.93,49.71,47.0
1928,1928,58.45,10.93,29.94
1929,1929,64.58,57.38,60.26
1930,1930,60.03,12.0,31.21
1931,1931,36.9,5.21,17.89
1932,1932,5.09,77.55,48.57
1933,1933,14.42,77.83,52.47
1934,1934,90.36,33.32,56.14
1935,1935,89.05,24.28,50.19
1936,1936,41.3,29.06,33.96
1937,1937,49.14,42.94,45.42
1938,1938,7.11,94.29,59.42
1939,1939,77.56,0.62,31.4
1940,1940,23.12,61.03,45.87
1941,1941,27.36,55.27,44.11
1942,1942,49.43,78.51,66.88
1943,1943,16.28,76.56,52.45
1944,1944,39.01,49.09,45.06
1945,1945,54.06,17.38,32.05
1946,1946,80.83,84.03,82.75
1947,1947,28.28,21.98,24.5
1948,1948,95.93,10.33,44.57
1949,1949,59.4,75.67,69.16
1950,1950,30.66,21.74,25.31
1951,1951,18.59,57.53,41.95
1952,1952,82.0,81.09,81.45
1953,1953,58.85,57.85,58.25
1954,1954,52.17,61.56,57.8
1955,1955,79.56,3.45,33.89
1956,1956,21.68,38.74,31.92
1957,1957,66.22,29.03,43.91
1958,1958,17.36,98.82,66.24
1959,1959,59.98,78.6,71.15
1960,1960,77.34,93.07,86.78
1961,1961,11.7,70.91,47.23
1962,1962,44.0,64.15,56.09
1963,1963,83.68,87.66,86.07
1964,1964,99.08,32.98,59.42
1965,1965,60.59,9.24,29.78
1966,1966,84.03,60.96,70.19
1967,1967,86.79,78.34,81.72
1968,1968,65.39,88.72,79.39
1969,1969,34.84,97.07,72.18
1970,1970,78.62,92.5,86.95
1971,1971,24.1,13.23,17.58
1972,1972,61.03,52.0,55.61
1973,1973,78.93,94.13,88.05
1974,1974,26.67,94.29,67.24
1975,1975,33.05,81.85,62.33
1976,1976,72.45,99.77,88.84
1977,1977,98.17,72.09,82.52
1978,1978,30.41,84.42,62.82
1979,1979,35.46,20.77,26.65
1980,1980,83.02,36.39,55.04
1981,1981,28.83,45.31,38.72
1982,1982,36.56,10.14,20.71
1983,1983,31.45,55.4,45.82
1984,1984,17.85,75.66,52.54
1985,1985,10.55,71.08,46.87
1986,1986,18.58,51.33,38.23
1987,1987,37.45,17.33,25.38
1988,1988,7.23,80.3,51.07
1989,1989,72.88,63.79,67.43
1990,1990,52.38,62.1,58.21
1991,1991,90.96,35.13,57.46
1992,1992,69.11,7.56,32.18
1993,1993,8.89,21.5,16.46
1994,1994,36.1,54.32,47.03
1995,1995,73.3,82.47,78.8
1996,1996,50.05,44.0,46.42
1997,1997,48.26,74.06,63.74
1998,1998,96.32,76.33,84.33
1999,1999,18.2,20.93,19.84
2000,2000,27.16,93.2,66.78
2001,2001,24.5,81.89,58.93
2002,2002,25.46,17.25,20.53
2003,2003,35.09,31.82,33.13
2004,2004,29.4,45.15,38.85
2005,2005,8.71,17.48,13.97
2006,2006,42.69,13.41,25.12
2007,2007,33.44,45.03,40.39
2008,2008,86.47,94.85,91.5
2009,2009,24.61,91.63,64.82
2010,2010,59.93,94.46,80.65
2011,2011,6.37,12.73,10.19
2012,2012,12.85,95.44,62.4
2013,2013,34.33,37.22,36.06
2014,2014,84.65,15.42,43.11
2015,2015,76.58,85.28,81.8
2016,2016,18.22,52.42,38.74
2017,2017,70.78,63.22,66.24
2018,2018,60.93,49.83,54.27
2019,2019,85.8,95.29,91.49
2020,2020,43.12,51.76,48.3
2021,2021,51.2,93.88,76.81
2022,2022,28.71,90.7,65.9
2023,2023,36.07,51.62,45.4
2024,2024,26.96,41.33,35.58
2025,2025,87.29,79.01,82.32
2026,2026,16.41,16.78,16.63
2027,2027,48.11,44.43,45.9
2028,2028,53.9,97.24,79.9
2029,2029,34.12,7.02,17.86
2030,2030,34.25,6.9,17.84
2031,2031,89.03,50.69,66.03
2032,2032,5.16,40.54,26.39
2033,2033,82.86,73.1,77.0
2034,2034,30.79,55.69,45.73
2035,2035,99.95,60.46,76.26
2036,2036,23.54,39.11,32.88
2037,2037,11.81,75.97,50.31
2038,2038,21.66,59.15,44.15
2039,2039,60.46,10.69,30.6
2040,2040,56.81,70.32,64.92
2041,2041,58.71,10.83,29.98
2042,2042,33.34,34.2,33.86
2043,2043,55.16,42.57,47.61
2044,2044,43.33,64.35,55.94
2045,2045,57.59,55.87,56.56
2046,2046,66.6,38.03,49.46
2047,2047,30.94,44.98,39.36
2048,2048,39.14,23.16,29.55
2049,2049,55.76,67.2,62.62
2050,2050,5.15,37.13,24.34
2051,2051,45.82,72.41,61.77
2052,2052,76.3,0.25,30.67
2053,2053,30.05,73.07,55.86
2054,2054,80.17,59.62,67.84
2055,2055,20.72,23.86,22.6
2056,2056,15.56,94.73,63.06
2057,2057,51.83,20.86,33.25
2058,2058,87.63,94.27,91.61
2059,2059,35.72,29.51,31.99
2060,2060,6.07,43.8,28.71
2061,2061,28.8,46.97,39.7
2062,2062,36.37,63.18,52.46
2063,2063,29.58,81.44,60.7
2064,2064,20.69,14.41,16.92
2065,2065,82.96,29.88,51.11
2066,2066,21.94,64.95,47.75
2067,2067,0.41,42.95,25.93
2068,2068,85.65,22.96,48.04
2069,2069,21.13,89.75,62.3
2070,2070,72.37,39.16,52.44
2071,2071,5.58,83.84,52.54
2072,2072,74.17,76.18,75.38
2073,2073,36.44,71.82,57.67
2074,2074,29.49,43.47,37.88
2075,2075,16.32,20.95,19.1
2076,2076,29.64,81.12,60.53
2077,2077,52.1,1.11,21.51
2078,2078,11.27,72.06,47.74
2079,2079,67.11,79.15,74.33
2080,2080,86.17,54.87,67.39
2081,2081,81.88,31.1,51.41
2082,2082,45.49,64.9,57.14
2083,2083,87.26,54.93,67.86
2084,2084,86.79,96.62,92.69
2085,2085,98.25,0.31,39.49
2086,2086,40.04,89.39,69.65
2087,2087,48.37,58.08,54.2
2088,2088,91.32,2.73,38.17
2089,2089,47.3,46.62,46.89
2090,2090,80.58,67.1,72.49
2091,2091,95.18,52.79,69.75
2092,2092,23.13,73.16,53.15
2093,2093,35.13,21.07,26.69
2094,2094,0.39,52.63,31.73
2095,2095,70.28,12.31,35.5
2096,2096,82.0,83.78,83.07
2097,2097,78.48,80.16,79.49
2098,2098,65.07,25.25,41.18
2099,2099,62.92,69.3,66.75
2100,2100,71.44,51.41,59.42
2101,2101,54.86,90.16,76.04
2102,2102,27.68,29.92,29.02
2103,2103,70.44,32.07,47.42
2104,2104,50.62,60.22,56.38
2105,2105,19.64,46.4,35.7
2106,2106,53.74,19.05,32.93
2107,2107,63.71,33.52,45.6
2108,2108,25.96,77.88,57.11
2109,2109,98.0,78.72,86.43
2110,2110,62.94,70.44,67.44
2111,2111,36.2,10.98,21.07
2112,2112,27.35,96.96,69.12
2113,2113,27.4,96.6,68.92
2114,2114,74.74,36.92,52.05
2115,2115,89.36,61.93,72.9
2116,2116,58.25,66.43,63.16
2117,2117,92.25,89.6,90.66
2118,2118,99.04,83.98,90.0
2119,2119,88.34,73.15,79.23
2120,2120,66.77,3.87,29.03
2121,2121,15.14,5.88,9.58
2122,2122,34.86,26.45,29.81
2123,2123,84.7,66.79,73.95
2124,2124,11.22,40.32,28.68
2125,2125,73.44,75.36,74.59
2126,2126,98.58,54.89,72.37
2127,2127,47.57,30.98,37.62
2128,2128,81.25,52.33,63.9
2129,2129,38.48,85.91,66.94
2130,2130,82.6,76.82,79.13
2131,2131,16.52,29.49,24.3
2132,2132,82.11,91.8,87.92
2133,2133,97.73,12.38,46.52
2134,2134,90.24,62.33,73.49
2135,2135,63.89,97.64,84.14
2136,2136,83.88,18.27,44.51
2137,2137,4.6,28.5,18.94
2138,2138,43.6,11.67,24.44
2139,2139,31.94,33.97,33.16
2140,2140,68.32,90.7,81.75
2141,2141,47.54,94.1,75.48
2142,2142,99.99,61.4,76.84
2143,2143,52.6,36.21,42.77
2144,2144,53.42,13.89,29.7
2145,2145,51.52,37.33,43.01
2146,2146,51.55,0.78,21.09
2147,2147,22.82,4.2,11.65
2148,2148,18.09,64.6,46.0
2149,2149,91.52,33.07,56.45
2150,2150,94.35,64.95,76.71
2151,2151,58.23,79.53,71.01
2152,2152,31.63,41.44,37.52
2153,2153,15.97,52.91,38.13
2154,2154,33.43,62.82,51.06
2155,2155,83.49,44.94,60.36
2156,2156,22.09,88.16,61.73
2157,2157,67.79,41.36,51.93
2158,2158,80.98,99.01,91.8
2159,2159,86.46,70.54,76.91
2160,2160,47.04,12.96,26.59
2161,2161,77.44,78.23,77.91
2162,2162,62.27,56.05,58.54
2163,2163,38.92,79.79,63.44
2164,2164,87.03,26.55,50.74
2165,2165,7.4,0.05,2.99
2166,2166,34.58,74.86,58.75
2167,2167,16.26,72.83,50.2
2168,2168,31.19,89.66,66.27
2169,2169,47.91,80.81,67.65
2170,2170,34.5,1.19,14.51
2171,2171,72.75,51.0,59.7
2172,2172,32.29,5.38,16.14
2173,2173,89.35,30.47,54.02
2174,2174,94.05,3.86,39.94
2175,2175,4.42,2.81,3.45
2176,2176,95.33,7.43,42.59
2177,2177,54.34,49.71,51.56
2178,2178,99.38,35.95,61.32
2179,2179,11.18,56.01,38.08
2180,2180,25.57,53.88,42.56
2181,2181,75.17,83.74,80.31
2182,2182,86.53,82.58,84.16
2183,2183,68.32,28.9,44.67
2184,2184,45.96,93.9,74.72
2185,2185,95.77,66.47,78.19
2186,2186,13.34,13.78,13.6
2187,2187,70.17,60.11,64.13
2188,2188,52.47,19.49,32.68
2189,2189,31.25,72.84,56.2
2190,2190,2.51,57.42,35.46
2191,2191,63.78,72.05,68.74
2192,2192,86.68,54.91,67.62
2193,2193,75.98,57.99,65.19
2194,2194,3.39,74.93,46.31
2195,2195,97.04,19.5,50.52
2196,2196,43.1,5.84,20.74
2197,2197,78.66,65.19,70.58
2198,2198,48.26,1.68,20.31
2199,2199,23.24,89.06,62.73
2200,2200,34.2,24.92,28.63
2201,2201,83.94,79.71,81.4
2202,2202,20.57,43.39,34.26
2203,2203,64.44,24.13,40.25
2204,2204,68.05,98.6,86.38
2205,2205,76.8,12.58,38.27
2206,2206,48.47,71.06,62.02
2207,2207,36.28,80.38,62.74
2208,2208,5.81,82.65,51.91
2209,2209,52.07,86.37,72.65
2210,2210,57.05,86.54,74.74
2211,2211,29.54,89.62,65.59
2212,2212,53.16,13.29,29.24
2213,2213,77.01,89.88,84.73
2214,2214,35.62,18.31,25.23
2215,2215,80.74,71.38,75.12
2216,2216,64.91,5.95,29.53
2217,2217,89.86,98.34,94.95
2218,2218,49.37,67.95,60.52
2219,2219,56.06,0.07,22.47
2220,2220,11.29,30.77,22.98
2221,2221,61.77,93.17,80.61
2222,2222,18.6,98.5,66.54
2223,2223,78.83,91.28,86.3
2224,2224,57.33,93.88,79.26
2225,2225,73.47,57.47,63.87
2226,2226,34.38,94.24,70.3
2227,2227,56.43,78.99,69.97
2228,2228,3.99,64.92,40.55
2229,2229,46.08,59.55,54.16
2230,2230,32.25,64.75,51.75
2231,2231,46.46,54.4,51.22
2232,2232,52.48,97.74,79.64
2233,2233,80.6,56.13,65.92
2234,2234,29.73,32.76,31.55
2235,2235,1.14,49.85,30.37
2236,2236,15.43,21.66,19.17
2237,2237,60.23,38.33,47.09
2238,2238,56.06,41.35,47.23
2239,2239,93.63,59.81,73.34
2240,2240,48.21,74.88,64.21
2241,2241,53.53,72.94,65.18
2242,2242,43.88,90.1,71.61
2243,2243,99.33,67.59,80.29
2244,2244,79.29,8.51,36.82
2245,2245,41.35,39.21,40.07
2246,2246,53.23,55.11,54.36
2247,2247,76.37,57.32,64.94
2248,2248,87.21,59.88,70.81
2249,2249,2.04,15.27,9.98
2250,2250,74.74,23.83,44.19
2251,2251,54.83,73.83,66.23
2252,2252,39.07,20.82,28.12
2253,2253,2.43,50.11,31.04
2254,2254,42.01,86.09,68.46
2255,2255,74.2,5.38,32.91
2256,2256,63.38,59.47,61.03
2257,2257,24.89,15.59,19.31
2258,2258,76.28,13.01,38.32
2259,2259,29.78,69.8,53.79
2260,2260,59.28,39.73,47.55
2261,2261,36.66,11.94,21.83
2262,2262,57.76,30.11,41.17
2263,2263,54.19,72.59,65.23
2264,2264,53.99,99.57,81.34
2265,2265,79.08,21.48,44.52
2266,2266,69.39,0.54,28.08
2267,2267,99.27,19.11,51.17
2268,2268,90.85,49.41,65.99
2269,2269,40.43,25.8,31.65
2270,2270,9.33,5.14,6.82
2271,2271,57.47,88.76,76.24
2272,2272,69.91,51.47,58.85
2273,2273,9.1,16.2,13.36
2274,2274,71.24,62.3,65.88
2275,2275,90.33,26.62,52.1
2276,2276,77.49,17.13,41.27
2277,2277,64.4,51.84,56.86
2278,2278,0.38,1.44,1.02
2279,2279,9.56,46.34,31.63
2280,2280,92.57,34.4,57.67
2281,2281,31.86,83.08,62.59
2282,2282,77.39,41.83,56.05
2283,2283,95.43,42.96,63.95
2284,2284,54.76,27.38,38.33
2285,2285,89.06,86.16,87.32
2286,2286,34.72,0.93,14.45
2287,2287,90.08,21.52,48.94
2288,2288,30.4,7.51,16.67
2289,2289,7.74,3.09,4.95
2290,2290,38.05,99.01,74.63
2291,2291,8.36,45.49,30.64
2292,2292,53.3,2.3,22.7
2293,2293,17.42,50.04,36.99
2294,2294,85.4,6.55,38.09
2295,2295,33.8,54.17,46.02
2296,2296,81.03,81.73,81.45
2297,2297,85.9,87.08,86.61
2298,2298,79.17,28.85,48.98
2299,2299,62.16,5.56,28.2
2300,2300,34.71,91.86,69.0
2301,2301,33.95,36.24,35.32
2302,2302,82.28,55.52,66.22
2303,2303,89.43,30.14,53.86
2304,2304,89.11,39.07,59.09
2305,2305,37.12,5.92,18.4
2306,2306,32.32,71.03,55.55
2307,2307,63.7,34.18,45.99
2308,2308,61.04,45.91,51.96
2309,2309,45.35,71.61,61.11
2310,2310,9.71,92.43,59.34
2311,2311,5.7,60.89,38.81
2312,2312,66.27,99.97,86.49
2313,2313,90.78,50.34,66.52
2314,2314,65.09,16.78,36.1
2315,2315,70.03,77.16,74.31
2316,2316,69.17,67.84,68.37
2317,2317,4.19,54.66,34.47
2318,2318,64.37,80.34,73.95
2319,2319,87.66,13.63,43.24
2320,2320,69.13,49.58,57.4
2321,2321,40.85,41.34,41.14
2322,2322,42.03,86.18,68.52
2323,2323,43.32,88.08,70.18
2324,2324,92.66,67.82,77.76
2325,2325,5.26,86.4,53.94
2326,2326,25.51,72.35,53.61
2327,2327,9.92,48.83,33.27
2328,2328,34.21,47.0,41.88
2329,2329,90.44,41.25,60.93
2330,2330,46.88,22.02,31.96
2331,2331,81.07,45.82,59.92
2332,2332,71.05,55.86,61.94
2333,2333,86.51,3.72,36.84
2334,2334,49.64,24.38,34.48
2335,2335,61.28,25.36,39.73
2336,2336,53.7,5.3,24.66
2337,2337,80.54,45.84,59.72
2338,2338,8.08,47.76,31.89
2339,2339,9.27,95.54,61.03
2340,2340,90.01,9.58,41.75
2341,2341,43.8,47.49,46.01
2342,2342,73.65,30.4,47.7
2343,2343,19.15,96.82,65.75
2344,2344,1.7,42.91,26.43
2345,2345,3.89,30.67,19.96
2346,2346,36.8,18.79,25.99
2347,2347,97.67,61.89,76.2
2348,2348,15.49,9.76,12.05
2349,2349,6.05,55.63,35.8
2350,2350,55.54,0.93,22.77
2351,2351,50.94,61.23,57.11
2352,2352,31.67,39.04,36.09
2353,2353,66.83,81.93,75.89
2354,2354,52.64,93.51,77.16
2355,2355,52.04,19.55,32.55
2356,2356,9.18,51.12,34.34
2357,2357,9.32,7.02,7.94
2358,2358,92.88,8.65,42.34
2359,2359,10.7,43.68,30.49
2360,2360,49.86,91.78,75.01
2361,2361,56.86,28.75,39.99
2362,2362,84.67,15.58,43.22
2363,2363,12.49,20.71,17.42
2364,2364,29.31,96.8,69.8
2365,2365,5.7,78.39,49.31
2366,2366,2.55,73.19,44.93
2367,2367,79.95,25.55,47.31
2368,2368,29.57,89.43,65.49
2369,2369,19.99,54.9,40.94
2370,2370,1.06,15.36,9.64
2371,2371,82.64,36.03,54.67
2372,2372,43.38,82.67,66.95
2373,2373,69.96,66.63,67.96
2374,2374,38.48,10.05,21.42
2375,2375,8.02,98.82,62.5
2376,2376,50.87,33.11,40.21
2377,2377,36.57,16.37,24.45
2378,2378,69.44,10.72,34.21
2379,2379,9.0,39.84,27.5
2380,2380,20.84,93.4,64.38
2381,2381,88.6,68.28,76.41
2382,2382,33.68,34.09,33.93
2383,2383,73.14,33.23,49.19
2384,2384,1.3,29.34,18.12
2385,2385,63.79,94.61,82.28
2386,2386,22.52,31.59,27.96
2387,2387,33.79,99.27,73.08
2388,2388,32.34,55.21,46.06
2389,2389,45.53,65.95,57.78
2390,2390,34.17,39.03,37.09
2391,2391,9.27,80.38,51.94
2392,2392,98.79,86.13,91.19
2393,2393,15.43,14.19,14.69
2394,2394,54.97,2.02,23.2
2395,2395,6.23,74.96,47.47
2396,2396,29.84,89.54,65.66
2397,2397,58.55,48.02,52.23
2398,2398,18.59,16.79,17.51
2399,2399,13.24,80.62,53.67
2400,2400,97.77,41.0,63.71
2401,2401,53.85,70.38,63.77
2402,2402,18.59,9.84,13.34
2403,2403,70.97,18.8,39.67
2404,2404,57.5,53.45,55.07
2405,2405,89.12,0.42,35.9
2406,2406,43.49,86.89,69.53
2407,2407,84.31,52.71,65.35
2408,2408,10.43,39.94,28.14
2409,2409,31.69,96.23,70.41
2410,2410,19.51,83.28,57.77
2411,2411,46.4,2.88,20.29
2412,2412,44.54,19.4,29.46
2413,2413,66.52,8.21,31.53
2414,2414,20.11,31.34,26.85
2415,2415,67.3,6.45,30.79
2416,2416,41.26,81.52,65.42
2417,2417,25.1,45.13,37.12
2418,2418,20.55,43.25,34.17
2419,2419,95.2,24.58,52.83
2420,2420,77.23,43.91,57.24
2421,2421,58.92,83.89,73.9
2422,2422,71.61,24.17,43.15
2423,2423,97.09,45.12,65.91
2424,2424,89.75,71.5,78.8
2425,2425,93.86,69.21,79.07
2426,2426,0.32,47.69,28.74
2427,2427,82.58,65.95,72.6
2428,2428,58.72,57.32,57.88
2429,2429,43.66,96.1,75.12
2430,2430,75.28,61.39,66.95
2431,2431,77.49,73.61,75.16
2432,2432,39.28,73.7,59.93
2433,2433,5.54,61.83,39.31
2434,2434,75.58,26.05,45.86
2435,2435,21.48,40.29,32.77
2436,2436,20.88,35.78,29.82
2437,2437,5.81,20.45,14.59
2438,2438,72.49,86.0,80.6
2439,2439,90.0,87.36,88.42
2440,2440,33.23,13.73,21.53
2441,2441,46.01,52.28,49.77
2442,2442,0.15,44.33,26.66
2443,2443,72.07,49.51,58.53
2444,2444,50.19,63.78,58.34
2445,2445,27.98,91.47,66.07
2446,2446,17.39,20.98,19.54
2447,2447,85.38,97.24,92.5
2448,2448,75.3,39.89,54.05
2449,2449,83.31,80.72,81.76
2450,2450,67.63,40.46,51.33
2451,2451,42.7,67.4,57.52
2452,2452,50.94,94.29,76.95
2453,2453,39.96,96.76,74.04
2454,2454,27.18,21.58,23.82
2455,2455,14.47,23.35,19.8
2456,2456,92.36,85.83,88.44
2457,2457,25.56,77.87,56.95
2458,2458,42.27,73.36,60.92
2459,2459,75.96,85.67,81.79
2460,2460,34.72,56.56,47.82
2461,2461,14.83,76.8,52.01
2462,2462,31.82,22.99,26.52
2463,2463,52.23,83.24,70.84
2464,2464,47.1,39.45,42.51
2465,2465,74.52,57.57,64.35
2466,2466,69.74,30.5,46.2
2467,2467,15.99,57.42,40.85
2468,2468,47.64,62.39,56.49
2469,2469,70.41,4.11,30.63
2470,2470,24.5,80.47,58.08
2471,2471,3.9,17.85,12.27
2472,2472,92.1,98.05,95.67
2473,2473,18.86,13.01,15.35
2474,2474,71.41,42.05,53.79
2475,2475,52.73,12.22,28.42
2476,2476,83.56,10.83,39.92
2477,2477,71.01,68.23,69.34
2478,2478,78.43,30.32,49.56
2479,2479,73.5,96.06,87.04
2480,2480,4.4,79.92,49.71
2481,2481,60.83,86.7,76.35
2482,2482,17.52,59.83,42.91
2483,2483,11.04,5.28,7.58
2484,2484,92.21,28.57,54.03
2485,2485,41.69,99.5,76.38
2486,2486,5.85,48.93,31.7
2487,2487,93.48,13.65,45.58
2488,2488,14.46,50.65,36.17
2489,2489,67.65,46.26,54.82
2490,2490,46.01,25.79,33.88
2491,2491,24.57,19.15,21.32
2492,2492,76.57,46.59,58.58
2493,2493,65.2,6.97,30.26
2494,2494,48.37,16.68,29.36
2495,2495,14.1,69.46,47.32
2496,2496,64.97,57.35,60.4
2497,2497,47.75,26.62,35.07
2498,2498,3.02,70.41,43.45
2499,2499,98.39,83.23,89.29
2500,2500,84.25,24.37,48.32
